/*M!999999\- enable the sandbox mode */ 
-- MariaDB dump 10.19  Distrib 10.6.23-MariaDB, for debian-linux-gnu (x86_64)
--
-- Host: localhost    Database: inventaris_lab
-- ------------------------------------------------------
-- Server version	10.6.23-MariaDB-0ubuntu0.22.04.1

/*!40101 SET @OLD_CHARACTER_SET_CLIENT=@@CHARACTER_SET_CLIENT */;
/*!40101 SET @OLD_CHARACTER_SET_RESULTS=@@CHARACTER_SET_RESULTS */;
/*!40101 SET @OLD_COLLATION_CONNECTION=@@COLLATION_CONNECTION */;
/*!40101 SET NAMES utf8mb4 */;
/*!40103 SET @OLD_TIME_ZONE=@@TIME_ZONE */;
/*!40103 SET TIME_ZONE='+00:00' */;
/*!40014 SET @OLD_UNIQUE_CHECKS=@@UNIQUE_CHECKS, UNIQUE_CHECKS=0 */;
/*!40014 SET @OLD_FOREIGN_KEY_CHECKS=@@FOREIGN_KEY_CHECKS, FOREIGN_KEY_CHECKS=0 */;
/*!40101 SET @OLD_SQL_MODE=@@SQL_MODE, SQL_MODE='NO_AUTO_VALUE_ON_ZERO' */;
/*!40111 SET @OLD_SQL_NOTES=@@SQL_NOTES, SQL_NOTES=0 */;

--
-- Table structure for table `activity_logs`
--

DROP TABLE IF EXISTS `activity_logs`;
/*!40101 SET @saved_cs_client     = @@character_set_client */;
/*!40101 SET character_set_client = utf8mb4 */;
CREATE TABLE `activity_logs` (
  `id` bigint(20) unsigned NOT NULL AUTO_INCREMENT,
  `user_id` bigint(20) unsigned DEFAULT NULL,
  `action` varchar(191) NOT NULL,
  `subject_type` varchar(191) DEFAULT NULL,
  `subject_id` bigint(20) unsigned DEFAULT NULL,
  `description` varchar(191) NOT NULL,
  `ip_address` varchar(45) DEFAULT NULL,
  `created_at` timestamp NULL DEFAULT NULL,
  `updated_at` timestamp NULL DEFAULT NULL,
  PRIMARY KEY (`id`),
  KEY `activity_logs_user_id_foreign` (`user_id`),
  KEY `activity_logs_subject_type_subject_id_index` (`subject_type`,`subject_id`),
  KEY `activity_logs_action_index` (`action`),
  CONSTRAINT `activity_logs_user_id_foreign` FOREIGN KEY (`user_id`) REFERENCES `users` (`id`) ON DELETE SET NULL
) ENGINE=InnoDB AUTO_INCREMENT=804 DEFAULT CHARSET=utf8mb4 COLLATE=utf8mb4_unicode_ci;
/*!40101 SET character_set_client = @saved_cs_client */;

--
-- Dumping data for table `activity_logs`
--

LOCK TABLES `activity_logs` WRITE;
/*!40000 ALTER TABLE `activity_logs` DISABLE KEYS */;
INSERT INTO `activity_logs` VALUES (1,NULL,'created','App\\Models\\Item',1,'Menambah barang \"PC\" (jumlah: 1).','127.0.0.1','2026-07-13 03:03:08','2026-07-13 03:03:08'),(2,NULL,'created','App\\Models\\Item',2,'Menambah barang \"Monitor\" (jumlah: 1).','127.0.0.1','2026-07-13 03:03:08','2026-07-13 03:03:08'),(3,NULL,'created','App\\Models\\Item',3,'Menambah barang \"Keyboard\" (jumlah: 1).','127.0.0.1','2026-07-13 03:03:08','2026-07-13 03:03:08'),(4,NULL,'created','App\\Models\\Item',4,'Menambah barang \"Mouse\" (jumlah: 1).','127.0.0.1','2026-07-13 03:03:08','2026-07-13 03:03:08'),(5,NULL,'created','App\\Models\\Item',5,'Menambah barang \"PC\" (jumlah: 1).','127.0.0.1','2026-07-13 03:03:08','2026-07-13 03:03:08'),(6,NULL,'created','App\\Models\\Item',6,'Menambah barang \"Monitor\" (jumlah: 1).','127.0.0.1','2026-07-13 03:03:08','2026-07-13 03:03:08'),(7,NULL,'created','App\\Models\\Item',7,'Menambah barang \"Keyboard\" (jumlah: 1).','127.0.0.1','2026-07-13 03:03:08','2026-07-13 03:03:08'),(8,NULL,'created','App\\Models\\Item',8,'Menambah barang \"Mouse\" (jumlah: 1).','127.0.0.1','2026-07-13 03:03:08','2026-07-13 03:03:08'),(9,NULL,'created','App\\Models\\Item',9,'Menambah barang \"PC\" (jumlah: 1).','127.0.0.1','2026-07-13 03:03:08','2026-07-13 03:03:08'),(10,NULL,'created','App\\Models\\Item',10,'Menambah barang \"Monitor\" (jumlah: 1).','127.0.0.1','2026-07-13 03:03:08','2026-07-13 03:03:08'),(11,NULL,'created','App\\Models\\Item',11,'Menambah barang \"Keyboard\" (jumlah: 1).','127.0.0.1','2026-07-13 03:03:08','2026-07-13 03:03:08'),(12,NULL,'created','App\\Models\\Item',12,'Menambah barang \"Mouse\" (jumlah: 1).','127.0.0.1','2026-07-13 03:03:08','2026-07-13 03:03:08'),(13,NULL,'created','App\\Models\\Item',13,'Menambah barang \"PC\" (jumlah: 1).','127.0.0.1','2026-07-13 03:03:09','2026-07-13 03:03:09'),(14,NULL,'created','App\\Models\\Item',14,'Menambah barang \"Monitor\" (jumlah: 1).','127.0.0.1','2026-07-13 03:03:09','2026-07-13 03:03:09'),(15,NULL,'created','App\\Models\\Item',15,'Menambah barang \"Keyboard\" (jumlah: 1).','127.0.0.1','2026-07-13 03:03:09','2026-07-13 03:03:09'),(16,NULL,'created','App\\Models\\Item',16,'Menambah barang \"Mouse\" (jumlah: 1).','127.0.0.1','2026-07-13 03:03:09','2026-07-13 03:03:09'),(17,NULL,'created','App\\Models\\Item',17,'Menambah barang \"PC\" (jumlah: 1).','127.0.0.1','2026-07-13 03:03:09','2026-07-13 03:03:09'),(18,NULL,'created','App\\Models\\Item',18,'Menambah barang \"Monitor\" (jumlah: 1).','127.0.0.1','2026-07-13 03:03:09','2026-07-13 03:03:09'),(19,NULL,'created','App\\Models\\Item',19,'Menambah barang \"Keyboard\" (jumlah: 1).','127.0.0.1','2026-07-13 03:03:09','2026-07-13 03:03:09'),(20,NULL,'created','App\\Models\\Item',20,'Menambah barang \"Mouse\" (jumlah: 1).','127.0.0.1','2026-07-13 03:03:09','2026-07-13 03:03:09'),(21,NULL,'created','App\\Models\\Item',21,'Menambah barang \"PC\" (jumlah: 1).','127.0.0.1','2026-07-13 03:03:09','2026-07-13 03:03:09'),(22,NULL,'created','App\\Models\\Item',22,'Menambah barang \"Monitor\" (jumlah: 1).','127.0.0.1','2026-07-13 03:03:09','2026-07-13 03:03:09'),(23,NULL,'created','App\\Models\\Item',23,'Menambah barang \"Keyboard\" (jumlah: 1).','127.0.0.1','2026-07-13 03:03:09','2026-07-13 03:03:09'),(24,NULL,'created','App\\Models\\Item',24,'Menambah barang \"Mouse\" (jumlah: 1).','127.0.0.1','2026-07-13 03:03:09','2026-07-13 03:03:09'),(25,NULL,'created','App\\Models\\Item',25,'Menambah barang \"PC\" (jumlah: 1).','127.0.0.1','2026-07-13 03:03:09','2026-07-13 03:03:09'),(26,NULL,'created','App\\Models\\Item',26,'Menambah barang \"Monitor\" (jumlah: 1).','127.0.0.1','2026-07-13 03:03:09','2026-07-13 03:03:09'),(27,NULL,'created','App\\Models\\Item',27,'Menambah barang \"Keyboard\" (jumlah: 1).','127.0.0.1','2026-07-13 03:03:09','2026-07-13 03:03:09'),(28,NULL,'created','App\\Models\\Item',28,'Menambah barang \"Mouse\" (jumlah: 1).','127.0.0.1','2026-07-13 03:03:09','2026-07-13 03:03:09'),(29,NULL,'created','App\\Models\\Item',29,'Menambah barang \"PC\" (jumlah: 1).','127.0.0.1','2026-07-13 03:03:09','2026-07-13 03:03:09'),(30,NULL,'created','App\\Models\\Item',30,'Menambah barang \"Monitor\" (jumlah: 1).','127.0.0.1','2026-07-13 03:03:09','2026-07-13 03:03:09'),(31,NULL,'created','App\\Models\\Item',31,'Menambah barang \"Keyboard\" (jumlah: 1).','127.0.0.1','2026-07-13 03:03:09','2026-07-13 03:03:09'),(32,NULL,'created','App\\Models\\Item',32,'Menambah barang \"Mouse\" (jumlah: 1).','127.0.0.1','2026-07-13 03:03:09','2026-07-13 03:03:09'),(33,NULL,'created','App\\Models\\Item',33,'Menambah barang \"PC\" (jumlah: 1).','127.0.0.1','2026-07-13 03:03:09','2026-07-13 03:03:09'),(34,NULL,'created','App\\Models\\Item',34,'Menambah barang \"Monitor\" (jumlah: 1).','127.0.0.1','2026-07-13 03:03:09','2026-07-13 03:03:09'),(35,NULL,'created','App\\Models\\Item',35,'Menambah barang \"Keyboard\" (jumlah: 1).','127.0.0.1','2026-07-13 03:03:09','2026-07-13 03:03:09'),(36,NULL,'created','App\\Models\\Item',36,'Menambah barang \"Mouse\" (jumlah: 1).','127.0.0.1','2026-07-13 03:03:09','2026-07-13 03:03:09'),(37,NULL,'created','App\\Models\\Item',37,'Menambah barang \"PC\" (jumlah: 1).','127.0.0.1','2026-07-13 03:03:09','2026-07-13 03:03:09'),(38,NULL,'created','App\\Models\\Item',38,'Menambah barang \"Monitor\" (jumlah: 1).','127.0.0.1','2026-07-13 03:03:09','2026-07-13 03:03:09'),(39,NULL,'created','App\\Models\\Item',39,'Menambah barang \"Keyboard\" (jumlah: 1).','127.0.0.1','2026-07-13 03:03:09','2026-07-13 03:03:09'),(40,NULL,'created','App\\Models\\Item',40,'Menambah barang \"Mouse\" (jumlah: 1).','127.0.0.1','2026-07-13 03:03:09','2026-07-13 03:03:09'),(41,NULL,'created','App\\Models\\Item',41,'Menambah barang \"PC\" (jumlah: 1).','127.0.0.1','2026-07-13 03:03:09','2026-07-13 03:03:09'),(42,NULL,'created','App\\Models\\Item',42,'Menambah barang \"Monitor\" (jumlah: 1).','127.0.0.1','2026-07-13 03:03:09','2026-07-13 03:03:09'),(43,NULL,'created','App\\Models\\Item',43,'Menambah barang \"Keyboard\" (jumlah: 1).','127.0.0.1','2026-07-13 03:03:09','2026-07-13 03:03:09'),(44,NULL,'created','App\\Models\\Item',44,'Menambah barang \"Mouse\" (jumlah: 1).','127.0.0.1','2026-07-13 03:03:09','2026-07-13 03:03:09'),(45,NULL,'created','App\\Models\\Item',45,'Menambah barang \"PC\" (jumlah: 1).','127.0.0.1','2026-07-13 03:03:09','2026-07-13 03:03:09'),(46,NULL,'created','App\\Models\\Item',46,'Menambah barang \"Monitor\" (jumlah: 1).','127.0.0.1','2026-07-13 03:03:09','2026-07-13 03:03:09'),(47,NULL,'created','App\\Models\\Item',47,'Menambah barang \"Keyboard\" (jumlah: 1).','127.0.0.1','2026-07-13 03:03:09','2026-07-13 03:03:09'),(48,NULL,'created','App\\Models\\Item',48,'Menambah barang \"Mouse\" (jumlah: 1).','127.0.0.1','2026-07-13 03:03:09','2026-07-13 03:03:09'),(49,NULL,'created','App\\Models\\Item',49,'Menambah barang \"PC\" (jumlah: 1).','127.0.0.1','2026-07-13 03:03:09','2026-07-13 03:03:09'),(50,NULL,'created','App\\Models\\Item',50,'Menambah barang \"Monitor\" (jumlah: 1).','127.0.0.1','2026-07-13 03:03:09','2026-07-13 03:03:09'),(51,NULL,'created','App\\Models\\Item',51,'Menambah barang \"Keyboard\" (jumlah: 1).','127.0.0.1','2026-07-13 03:03:09','2026-07-13 03:03:09'),(52,NULL,'created','App\\Models\\Item',52,'Menambah barang \"Mouse\" (jumlah: 1).','127.0.0.1','2026-07-13 03:03:09','2026-07-13 03:03:09'),(53,NULL,'created','App\\Models\\Item',53,'Menambah barang \"PC\" (jumlah: 1).','127.0.0.1','2026-07-13 03:03:09','2026-07-13 03:03:09'),(54,NULL,'created','App\\Models\\Item',54,'Menambah barang \"Monitor\" (jumlah: 1).','127.0.0.1','2026-07-13 03:03:09','2026-07-13 03:03:09'),(55,NULL,'created','App\\Models\\Item',55,'Menambah barang \"Keyboard\" (jumlah: 1).','127.0.0.1','2026-07-13 03:03:10','2026-07-13 03:03:10'),(56,NULL,'created','App\\Models\\Item',56,'Menambah barang \"Mouse\" (jumlah: 1).','127.0.0.1','2026-07-13 03:03:10','2026-07-13 03:03:10'),(57,NULL,'created','App\\Models\\Item',57,'Menambah barang \"PC\" (jumlah: 1).','127.0.0.1','2026-07-13 03:03:10','2026-07-13 03:03:10'),(58,NULL,'created','App\\Models\\Item',58,'Menambah barang \"Monitor\" (jumlah: 1).','127.0.0.1','2026-07-13 03:03:10','2026-07-13 03:03:10'),(59,NULL,'created','App\\Models\\Item',59,'Menambah barang \"Keyboard\" (jumlah: 1).','127.0.0.1','2026-07-13 03:03:10','2026-07-13 03:03:10'),(60,NULL,'created','App\\Models\\Item',60,'Menambah barang \"Mouse\" (jumlah: 1).','127.0.0.1','2026-07-13 03:03:10','2026-07-13 03:03:10'),(61,NULL,'created','App\\Models\\Item',61,'Menambah barang \"PC\" (jumlah: 1).','127.0.0.1','2026-07-13 03:03:10','2026-07-13 03:03:10'),(62,NULL,'created','App\\Models\\Item',62,'Menambah barang \"Monitor\" (jumlah: 1).','127.0.0.1','2026-07-13 03:03:10','2026-07-13 03:03:10'),(63,NULL,'created','App\\Models\\Item',63,'Menambah barang \"Keyboard\" (jumlah: 1).','127.0.0.1','2026-07-13 03:03:10','2026-07-13 03:03:10'),(64,NULL,'created','App\\Models\\Item',64,'Menambah barang \"Mouse\" (jumlah: 1).','127.0.0.1','2026-07-13 03:03:10','2026-07-13 03:03:10'),(65,NULL,'created','App\\Models\\Item',65,'Menambah barang \"PC\" (jumlah: 1).','127.0.0.1','2026-07-13 03:03:10','2026-07-13 03:03:10'),(66,NULL,'created','App\\Models\\Item',66,'Menambah barang \"Monitor\" (jumlah: 1).','127.0.0.1','2026-07-13 03:03:10','2026-07-13 03:03:10'),(67,NULL,'created','App\\Models\\Item',67,'Menambah barang \"Keyboard\" (jumlah: 1).','127.0.0.1','2026-07-13 03:03:10','2026-07-13 03:03:10'),(68,NULL,'created','App\\Models\\Item',68,'Menambah barang \"Mouse\" (jumlah: 1).','127.0.0.1','2026-07-13 03:03:10','2026-07-13 03:03:10'),(69,NULL,'created','App\\Models\\Item',69,'Menambah barang \"PC\" (jumlah: 1).','127.0.0.1','2026-07-13 03:03:10','2026-07-13 03:03:10'),(70,NULL,'created','App\\Models\\Item',70,'Menambah barang \"Monitor\" (jumlah: 1).','127.0.0.1','2026-07-13 03:03:10','2026-07-13 03:03:10'),(71,NULL,'created','App\\Models\\Item',71,'Menambah barang \"Keyboard\" (jumlah: 1).','127.0.0.1','2026-07-13 03:03:10','2026-07-13 03:03:10'),(72,NULL,'created','App\\Models\\Item',72,'Menambah barang \"Mouse\" (jumlah: 1).','127.0.0.1','2026-07-13 03:03:10','2026-07-13 03:03:10'),(73,NULL,'created','App\\Models\\Item',73,'Menambah barang \"PC\" (jumlah: 1).','127.0.0.1','2026-07-13 03:03:10','2026-07-13 03:03:10'),(74,NULL,'created','App\\Models\\Item',74,'Menambah barang \"Monitor\" (jumlah: 1).','127.0.0.1','2026-07-13 03:03:10','2026-07-13 03:03:10'),(75,NULL,'created','App\\Models\\Item',75,'Menambah barang \"Keyboard\" (jumlah: 1).','127.0.0.1','2026-07-13 03:03:10','2026-07-13 03:03:10'),(76,NULL,'created','App\\Models\\Item',76,'Menambah barang \"Mouse\" (jumlah: 1).','127.0.0.1','2026-07-13 03:03:10','2026-07-13 03:03:10'),(77,NULL,'created','App\\Models\\Item',77,'Menambah barang \"PC\" (jumlah: 1).','127.0.0.1','2026-07-13 03:03:10','2026-07-13 03:03:10'),(78,NULL,'created','App\\Models\\Item',78,'Menambah barang \"Monitor\" (jumlah: 1).','127.0.0.1','2026-07-13 03:03:10','2026-07-13 03:03:10'),(79,NULL,'created','App\\Models\\Item',79,'Menambah barang \"Keyboard\" (jumlah: 1).','127.0.0.1','2026-07-13 03:03:10','2026-07-13 03:03:10'),(80,NULL,'created','App\\Models\\Item',80,'Menambah barang \"Mouse\" (jumlah: 1).','127.0.0.1','2026-07-13 03:03:10','2026-07-13 03:03:10'),(81,NULL,'created','App\\Models\\Item',81,'Menambah barang \"PC\" (jumlah: 1).','127.0.0.1','2026-07-13 03:03:10','2026-07-13 03:03:10'),(82,NULL,'created','App\\Models\\Item',82,'Menambah barang \"Monitor\" (jumlah: 1).','127.0.0.1','2026-07-13 03:03:10','2026-07-13 03:03:10'),(83,NULL,'created','App\\Models\\Item',83,'Menambah barang \"Keyboard\" (jumlah: 1).','127.0.0.1','2026-07-13 03:03:10','2026-07-13 03:03:10'),(84,NULL,'created','App\\Models\\Item',84,'Menambah barang \"Mouse\" (jumlah: 1).','127.0.0.1','2026-07-13 03:03:10','2026-07-13 03:03:10'),(85,NULL,'created','App\\Models\\Item',85,'Menambah barang \"PC\" (jumlah: 1).','127.0.0.1','2026-07-13 03:03:10','2026-07-13 03:03:10'),(86,NULL,'created','App\\Models\\Item',86,'Menambah barang \"Monitor\" (jumlah: 1).','127.0.0.1','2026-07-13 03:03:10','2026-07-13 03:03:10'),(87,NULL,'created','App\\Models\\Item',87,'Menambah barang \"Keyboard\" (jumlah: 1).','127.0.0.1','2026-07-13 03:03:10','2026-07-13 03:03:10'),(88,NULL,'created','App\\Models\\Item',88,'Menambah barang \"Mouse\" (jumlah: 1).','127.0.0.1','2026-07-13 03:03:10','2026-07-13 03:03:10'),(89,NULL,'created','App\\Models\\Item',89,'Menambah barang \"PC\" (jumlah: 1).','127.0.0.1','2026-07-13 03:03:10','2026-07-13 03:03:10'),(90,NULL,'created','App\\Models\\Item',90,'Menambah barang \"Monitor\" (jumlah: 1).','127.0.0.1','2026-07-13 03:03:10','2026-07-13 03:03:10'),(91,NULL,'created','App\\Models\\Item',91,'Menambah barang \"Keyboard\" (jumlah: 1).','127.0.0.1','2026-07-13 03:03:10','2026-07-13 03:03:10'),(92,NULL,'created','App\\Models\\Item',92,'Menambah barang \"Mouse\" (jumlah: 1).','127.0.0.1','2026-07-13 03:03:11','2026-07-13 03:03:11'),(93,NULL,'created','App\\Models\\Item',93,'Menambah barang \"PC\" (jumlah: 1).','127.0.0.1','2026-07-13 03:03:11','2026-07-13 03:03:11'),(94,NULL,'created','App\\Models\\Item',94,'Menambah barang \"Monitor\" (jumlah: 1).','127.0.0.1','2026-07-13 03:03:11','2026-07-13 03:03:11'),(95,NULL,'created','App\\Models\\Item',95,'Menambah barang \"Keyboard\" (jumlah: 1).','127.0.0.1','2026-07-13 03:03:11','2026-07-13 03:03:11'),(96,NULL,'created','App\\Models\\Item',96,'Menambah barang \"Mouse\" (jumlah: 1).','127.0.0.1','2026-07-13 03:03:11','2026-07-13 03:03:11'),(97,NULL,'created','App\\Models\\Item',97,'Menambah barang \"PC\" (jumlah: 1).','127.0.0.1','2026-07-13 03:03:11','2026-07-13 03:03:11'),(98,NULL,'created','App\\Models\\Item',98,'Menambah barang \"Monitor\" (jumlah: 1).','127.0.0.1','2026-07-13 03:03:11','2026-07-13 03:03:11'),(99,NULL,'created','App\\Models\\Item',99,'Menambah barang \"Keyboard\" (jumlah: 1).','127.0.0.1','2026-07-13 03:03:11','2026-07-13 03:03:11'),(100,NULL,'created','App\\Models\\Item',100,'Menambah barang \"Mouse\" (jumlah: 1).','127.0.0.1','2026-07-13 03:03:11','2026-07-13 03:03:11'),(101,NULL,'created','App\\Models\\Item',101,'Menambah barang \"PC\" (jumlah: 1).','127.0.0.1','2026-07-13 03:03:11','2026-07-13 03:03:11'),(102,NULL,'created','App\\Models\\Item',102,'Menambah barang \"Monitor\" (jumlah: 1).','127.0.0.1','2026-07-13 03:03:11','2026-07-13 03:03:11'),(103,NULL,'created','App\\Models\\Item',103,'Menambah barang \"Keyboard\" (jumlah: 1).','127.0.0.1','2026-07-13 03:03:11','2026-07-13 03:03:11'),(104,NULL,'created','App\\Models\\Item',104,'Menambah barang \"Mouse\" (jumlah: 1).','127.0.0.1','2026-07-13 03:03:11','2026-07-13 03:03:11'),(105,NULL,'created','App\\Models\\Item',105,'Menambah barang \"PC\" (jumlah: 1).','127.0.0.1','2026-07-13 03:03:11','2026-07-13 03:03:11'),(106,NULL,'created','App\\Models\\Item',106,'Menambah barang \"Monitor\" (jumlah: 1).','127.0.0.1','2026-07-13 03:03:11','2026-07-13 03:03:11'),(107,NULL,'created','App\\Models\\Item',107,'Menambah barang \"Keyboard\" (jumlah: 1).','127.0.0.1','2026-07-13 03:03:11','2026-07-13 03:03:11'),(108,NULL,'created','App\\Models\\Item',108,'Menambah barang \"Mouse\" (jumlah: 1).','127.0.0.1','2026-07-13 03:03:11','2026-07-13 03:03:11'),(109,NULL,'created','App\\Models\\Item',109,'Menambah barang \"PC\" (jumlah: 1).','127.0.0.1','2026-07-13 03:03:11','2026-07-13 03:03:11'),(110,NULL,'created','App\\Models\\Item',110,'Menambah barang \"Monitor\" (jumlah: 1).','127.0.0.1','2026-07-13 03:03:11','2026-07-13 03:03:11'),(111,NULL,'created','App\\Models\\Item',111,'Menambah barang \"Keyboard\" (jumlah: 1).','127.0.0.1','2026-07-13 03:03:11','2026-07-13 03:03:11'),(112,NULL,'created','App\\Models\\Item',112,'Menambah barang \"Mouse\" (jumlah: 1).','127.0.0.1','2026-07-13 03:03:11','2026-07-13 03:03:11'),(113,NULL,'created','App\\Models\\Item',113,'Menambah barang \"PC\" (jumlah: 1).','127.0.0.1','2026-07-13 03:03:11','2026-07-13 03:03:11'),(114,NULL,'created','App\\Models\\Item',114,'Menambah barang \"Monitor\" (jumlah: 1).','127.0.0.1','2026-07-13 03:03:11','2026-07-13 03:03:11'),(115,NULL,'created','App\\Models\\Item',115,'Menambah barang \"Keyboard\" (jumlah: 1).','127.0.0.1','2026-07-13 03:03:11','2026-07-13 03:03:11'),(116,NULL,'created','App\\Models\\Item',116,'Menambah barang \"Mouse\" (jumlah: 1).','127.0.0.1','2026-07-13 03:03:11','2026-07-13 03:03:11'),(117,NULL,'created','App\\Models\\Item',117,'Menambah barang \"PC\" (jumlah: 1).','127.0.0.1','2026-07-13 03:03:11','2026-07-13 03:03:11'),(118,NULL,'created','App\\Models\\Item',118,'Menambah barang \"Monitor\" (jumlah: 1).','127.0.0.1','2026-07-13 03:03:11','2026-07-13 03:03:11'),(119,NULL,'created','App\\Models\\Item',119,'Menambah barang \"Keyboard\" (jumlah: 1).','127.0.0.1','2026-07-13 03:03:11','2026-07-13 03:03:11'),(120,NULL,'created','App\\Models\\Item',120,'Menambah barang \"Mouse\" (jumlah: 1).','127.0.0.1','2026-07-13 03:03:11','2026-07-13 03:03:11'),(121,NULL,'created','App\\Models\\Item',121,'Menambah barang \"PC\" (jumlah: 1).','127.0.0.1','2026-07-13 03:03:11','2026-07-13 03:03:11'),(122,NULL,'created','App\\Models\\Item',122,'Menambah barang \"Monitor\" (jumlah: 1).','127.0.0.1','2026-07-13 03:03:11','2026-07-13 03:03:11'),(123,NULL,'created','App\\Models\\Item',123,'Menambah barang \"Keyboard\" (jumlah: 1).','127.0.0.1','2026-07-13 03:03:11','2026-07-13 03:03:11'),(124,NULL,'created','App\\Models\\Item',124,'Menambah barang \"Mouse\" (jumlah: 1).','127.0.0.1','2026-07-13 03:03:11','2026-07-13 03:03:11'),(125,NULL,'created','App\\Models\\Item',125,'Menambah barang \"PC\" (jumlah: 1).','127.0.0.1','2026-07-13 03:03:11','2026-07-13 03:03:11'),(126,NULL,'created','App\\Models\\Item',126,'Menambah barang \"Monitor\" (jumlah: 1).','127.0.0.1','2026-07-13 03:03:11','2026-07-13 03:03:11'),(127,NULL,'created','App\\Models\\Item',127,'Menambah barang \"Keyboard\" (jumlah: 1).','127.0.0.1','2026-07-13 03:03:11','2026-07-13 03:03:11'),(128,NULL,'created','App\\Models\\Item',128,'Menambah barang \"Mouse\" (jumlah: 1).','127.0.0.1','2026-07-13 03:03:11','2026-07-13 03:03:11'),(129,NULL,'created','App\\Models\\Item',129,'Menambah barang \"PC\" (jumlah: 1).','127.0.0.1','2026-07-13 03:03:11','2026-07-13 03:03:11'),(130,NULL,'created','App\\Models\\Item',130,'Menambah barang \"Monitor\" (jumlah: 1).','127.0.0.1','2026-07-13 03:03:11','2026-07-13 03:03:11'),(131,NULL,'created','App\\Models\\Item',131,'Menambah barang \"Keyboard\" (jumlah: 1).','127.0.0.1','2026-07-13 03:03:11','2026-07-13 03:03:11'),(132,NULL,'created','App\\Models\\Item',132,'Menambah barang \"Mouse\" (jumlah: 1).','127.0.0.1','2026-07-13 03:03:11','2026-07-13 03:03:11'),(133,NULL,'created','App\\Models\\Item',133,'Menambah barang \"PC\" (jumlah: 1).','127.0.0.1','2026-07-13 03:03:12','2026-07-13 03:03:12'),(134,NULL,'created','App\\Models\\Item',134,'Menambah barang \"Monitor\" (jumlah: 1).','127.0.0.1','2026-07-13 03:03:12','2026-07-13 03:03:12'),(135,NULL,'created','App\\Models\\Item',135,'Menambah barang \"Keyboard\" (jumlah: 1).','127.0.0.1','2026-07-13 03:03:12','2026-07-13 03:03:12'),(136,NULL,'created','App\\Models\\Item',136,'Menambah barang \"Mouse\" (jumlah: 1).','127.0.0.1','2026-07-13 03:03:12','2026-07-13 03:03:12'),(137,NULL,'created','App\\Models\\Item',137,'Menambah barang \"PC\" (jumlah: 1).','127.0.0.1','2026-07-13 03:03:12','2026-07-13 03:03:12'),(138,NULL,'created','App\\Models\\Item',138,'Menambah barang \"Monitor\" (jumlah: 1).','127.0.0.1','2026-07-13 03:03:12','2026-07-13 03:03:12'),(139,NULL,'created','App\\Models\\Item',139,'Menambah barang \"Keyboard\" (jumlah: 1).','127.0.0.1','2026-07-13 03:03:12','2026-07-13 03:03:12'),(140,NULL,'created','App\\Models\\Item',140,'Menambah barang \"Mouse\" (jumlah: 1).','127.0.0.1','2026-07-13 03:03:12','2026-07-13 03:03:12'),(141,NULL,'created','App\\Models\\Item',141,'Menambah barang \"PC\" (jumlah: 1).','127.0.0.1','2026-07-13 03:03:12','2026-07-13 03:03:12'),(142,NULL,'created','App\\Models\\Item',142,'Menambah barang \"Monitor\" (jumlah: 1).','127.0.0.1','2026-07-13 03:03:12','2026-07-13 03:03:12'),(143,NULL,'created','App\\Models\\Item',143,'Menambah barang \"Keyboard\" (jumlah: 1).','127.0.0.1','2026-07-13 03:03:12','2026-07-13 03:03:12'),(144,NULL,'created','App\\Models\\Item',144,'Menambah barang \"Mouse\" (jumlah: 1).','127.0.0.1','2026-07-13 03:03:12','2026-07-13 03:03:12'),(145,NULL,'created','App\\Models\\Item',145,'Menambah barang \"PC\" (jumlah: 1).','127.0.0.1','2026-07-13 03:03:12','2026-07-13 03:03:12'),(146,NULL,'created','App\\Models\\Item',146,'Menambah barang \"Monitor\" (jumlah: 1).','127.0.0.1','2026-07-13 03:03:12','2026-07-13 03:03:12'),(147,NULL,'created','App\\Models\\Item',147,'Menambah barang \"Keyboard\" (jumlah: 1).','127.0.0.1','2026-07-13 03:03:12','2026-07-13 03:03:12'),(148,NULL,'created','App\\Models\\Item',148,'Menambah barang \"Mouse\" (jumlah: 1).','127.0.0.1','2026-07-13 03:03:12','2026-07-13 03:03:12'),(149,NULL,'created','App\\Models\\Item',149,'Menambah barang \"PC\" (jumlah: 1).','127.0.0.1','2026-07-13 03:03:12','2026-07-13 03:03:12'),(150,NULL,'created','App\\Models\\Item',150,'Menambah barang \"Monitor\" (jumlah: 1).','127.0.0.1','2026-07-13 03:03:12','2026-07-13 03:03:12'),(151,NULL,'created','App\\Models\\Item',151,'Menambah barang \"Keyboard\" (jumlah: 1).','127.0.0.1','2026-07-13 03:03:12','2026-07-13 03:03:12'),(152,NULL,'created','App\\Models\\Item',152,'Menambah barang \"Mouse\" (jumlah: 1).','127.0.0.1','2026-07-13 03:03:12','2026-07-13 03:03:12'),(153,NULL,'created','App\\Models\\Item',153,'Menambah barang \"PC\" (jumlah: 1).','127.0.0.1','2026-07-13 03:03:12','2026-07-13 03:03:12'),(154,NULL,'created','App\\Models\\Item',154,'Menambah barang \"Monitor\" (jumlah: 1).','127.0.0.1','2026-07-13 03:03:12','2026-07-13 03:03:12'),(155,NULL,'created','App\\Models\\Item',155,'Menambah barang \"Keyboard\" (jumlah: 1).','127.0.0.1','2026-07-13 03:03:12','2026-07-13 03:03:12'),(156,NULL,'created','App\\Models\\Item',156,'Menambah barang \"Mouse\" (jumlah: 1).','127.0.0.1','2026-07-13 03:03:12','2026-07-13 03:03:12'),(157,NULL,'created','App\\Models\\Item',157,'Menambah barang \"PC\" (jumlah: 1).','127.0.0.1','2026-07-13 03:03:12','2026-07-13 03:03:12'),(158,NULL,'created','App\\Models\\Item',158,'Menambah barang \"Monitor\" (jumlah: 1).','127.0.0.1','2026-07-13 03:03:12','2026-07-13 03:03:12'),(159,NULL,'created','App\\Models\\Item',159,'Menambah barang \"Keyboard\" (jumlah: 1).','127.0.0.1','2026-07-13 03:03:12','2026-07-13 03:03:12'),(160,NULL,'created','App\\Models\\Item',160,'Menambah barang \"Mouse\" (jumlah: 1).','127.0.0.1','2026-07-13 03:03:12','2026-07-13 03:03:12'),(161,NULL,'created','App\\Models\\Item',161,'Menambah barang \"PC\" (jumlah: 1).','127.0.0.1','2026-07-13 03:03:12','2026-07-13 03:03:12'),(162,NULL,'created','App\\Models\\Item',162,'Menambah barang \"Monitor\" (jumlah: 1).','127.0.0.1','2026-07-13 03:03:12','2026-07-13 03:03:12'),(163,NULL,'created','App\\Models\\Item',163,'Menambah barang \"Keyboard\" (jumlah: 1).','127.0.0.1','2026-07-13 03:03:12','2026-07-13 03:03:12'),(164,NULL,'created','App\\Models\\Item',164,'Menambah barang \"Mouse\" (jumlah: 1).','127.0.0.1','2026-07-13 03:03:12','2026-07-13 03:03:12'),(165,NULL,'created','App\\Models\\Item',165,'Menambah barang \"PC\" (jumlah: 1).','127.0.0.1','2026-07-13 03:03:12','2026-07-13 03:03:12'),(166,NULL,'created','App\\Models\\Item',166,'Menambah barang \"Monitor\" (jumlah: 1).','127.0.0.1','2026-07-13 03:03:12','2026-07-13 03:03:12'),(167,NULL,'created','App\\Models\\Item',167,'Menambah barang \"Keyboard\" (jumlah: 1).','127.0.0.1','2026-07-13 03:03:12','2026-07-13 03:03:12'),(168,NULL,'created','App\\Models\\Item',168,'Menambah barang \"Mouse\" (jumlah: 1).','127.0.0.1','2026-07-13 03:03:12','2026-07-13 03:03:12'),(169,NULL,'created','App\\Models\\Item',169,'Menambah barang \"PC\" (jumlah: 1).','127.0.0.1','2026-07-13 03:03:13','2026-07-13 03:03:13'),(170,NULL,'created','App\\Models\\Item',170,'Menambah barang \"Monitor\" (jumlah: 1).','127.0.0.1','2026-07-13 03:03:13','2026-07-13 03:03:13'),(171,NULL,'created','App\\Models\\Item',171,'Menambah barang \"Keyboard\" (jumlah: 1).','127.0.0.1','2026-07-13 03:03:13','2026-07-13 03:03:13'),(172,NULL,'created','App\\Models\\Item',172,'Menambah barang \"Mouse\" (jumlah: 1).','127.0.0.1','2026-07-13 03:03:13','2026-07-13 03:03:13'),(173,NULL,'created','App\\Models\\Item',173,'Menambah barang \"PC\" (jumlah: 1).','127.0.0.1','2026-07-13 03:03:13','2026-07-13 03:03:13'),(174,NULL,'created','App\\Models\\Item',174,'Menambah barang \"Monitor\" (jumlah: 1).','127.0.0.1','2026-07-13 03:03:13','2026-07-13 03:03:13'),(175,NULL,'created','App\\Models\\Item',175,'Menambah barang \"Keyboard\" (jumlah: 1).','127.0.0.1','2026-07-13 03:03:13','2026-07-13 03:03:13'),(176,NULL,'created','App\\Models\\Item',176,'Menambah barang \"Mouse\" (jumlah: 1).','127.0.0.1','2026-07-13 03:03:13','2026-07-13 03:03:13'),(177,NULL,'created','App\\Models\\Item',177,'Menambah barang \"PC\" (jumlah: 1).','127.0.0.1','2026-07-13 03:03:13','2026-07-13 03:03:13'),(178,NULL,'created','App\\Models\\Item',178,'Menambah barang \"Monitor\" (jumlah: 1).','127.0.0.1','2026-07-13 03:03:13','2026-07-13 03:03:13'),(179,NULL,'created','App\\Models\\Item',179,'Menambah barang \"Keyboard\" (jumlah: 1).','127.0.0.1','2026-07-13 03:03:13','2026-07-13 03:03:13'),(180,NULL,'created','App\\Models\\Item',180,'Menambah barang \"Mouse\" (jumlah: 1).','127.0.0.1','2026-07-13 03:03:13','2026-07-13 03:03:13'),(181,NULL,'created','App\\Models\\Item',181,'Menambah barang \"PC\" (jumlah: 1).','127.0.0.1','2026-07-13 03:03:13','2026-07-13 03:03:13'),(182,NULL,'created','App\\Models\\Item',182,'Menambah barang \"Monitor\" (jumlah: 1).','127.0.0.1','2026-07-13 03:03:13','2026-07-13 03:03:13'),(183,NULL,'created','App\\Models\\Item',183,'Menambah barang \"Keyboard\" (jumlah: 1).','127.0.0.1','2026-07-13 03:03:13','2026-07-13 03:03:13'),(184,NULL,'created','App\\Models\\Item',184,'Menambah barang \"Mouse\" (jumlah: 1).','127.0.0.1','2026-07-13 03:03:13','2026-07-13 03:03:13'),(185,NULL,'created','App\\Models\\Item',185,'Menambah barang \"PC\" (jumlah: 1).','127.0.0.1','2026-07-13 03:03:13','2026-07-13 03:03:13'),(186,NULL,'created','App\\Models\\Item',186,'Menambah barang \"Monitor\" (jumlah: 1).','127.0.0.1','2026-07-13 03:03:13','2026-07-13 03:03:13'),(187,NULL,'created','App\\Models\\Item',187,'Menambah barang \"Keyboard\" (jumlah: 1).','127.0.0.1','2026-07-13 03:03:13','2026-07-13 03:03:13'),(188,NULL,'created','App\\Models\\Item',188,'Menambah barang \"Mouse\" (jumlah: 1).','127.0.0.1','2026-07-13 03:03:13','2026-07-13 03:03:13'),(189,NULL,'created','App\\Models\\Item',189,'Menambah barang \"PC\" (jumlah: 1).','127.0.0.1','2026-07-13 03:03:13','2026-07-13 03:03:13'),(190,NULL,'created','App\\Models\\Item',190,'Menambah barang \"Monitor\" (jumlah: 1).','127.0.0.1','2026-07-13 03:03:13','2026-07-13 03:03:13'),(191,NULL,'created','App\\Models\\Item',191,'Menambah barang \"Keyboard\" (jumlah: 1).','127.0.0.1','2026-07-13 03:03:13','2026-07-13 03:03:13'),(192,NULL,'created','App\\Models\\Item',192,'Menambah barang \"Mouse\" (jumlah: 1).','127.0.0.1','2026-07-13 03:03:13','2026-07-13 03:03:13'),(193,NULL,'created','App\\Models\\Item',193,'Menambah barang \"PC\" (jumlah: 1).','127.0.0.1','2026-07-13 03:03:13','2026-07-13 03:03:13'),(194,NULL,'created','App\\Models\\Item',194,'Menambah barang \"Monitor\" (jumlah: 1).','127.0.0.1','2026-07-13 03:03:13','2026-07-13 03:03:13'),(195,NULL,'created','App\\Models\\Item',195,'Menambah barang \"Keyboard\" (jumlah: 1).','127.0.0.1','2026-07-13 03:03:13','2026-07-13 03:03:13'),(196,NULL,'created','App\\Models\\Item',196,'Menambah barang \"Mouse\" (jumlah: 1).','127.0.0.1','2026-07-13 03:03:13','2026-07-13 03:03:13'),(197,NULL,'created','App\\Models\\Item',197,'Menambah barang \"PC\" (jumlah: 1).','127.0.0.1','2026-07-13 03:03:13','2026-07-13 03:03:13'),(198,NULL,'created','App\\Models\\Item',198,'Menambah barang \"Monitor\" (jumlah: 1).','127.0.0.1','2026-07-13 03:03:13','2026-07-13 03:03:13'),(199,NULL,'created','App\\Models\\Item',199,'Menambah barang \"Keyboard\" (jumlah: 1).','127.0.0.1','2026-07-13 03:03:13','2026-07-13 03:03:13'),(200,NULL,'created','App\\Models\\Item',200,'Menambah barang \"Mouse\" (jumlah: 1).','127.0.0.1','2026-07-13 03:03:13','2026-07-13 03:03:13'),(201,NULL,'created','App\\Models\\Item',201,'Menambah barang \"PC\" (jumlah: 1).','127.0.0.1','2026-07-13 03:03:14','2026-07-13 03:03:14'),(202,NULL,'created','App\\Models\\Item',202,'Menambah barang \"Monitor\" (jumlah: 1).','127.0.0.1','2026-07-13 03:03:14','2026-07-13 03:03:14'),(203,NULL,'created','App\\Models\\Item',203,'Menambah barang \"Keyboard\" (jumlah: 1).','127.0.0.1','2026-07-13 03:03:14','2026-07-13 03:03:14'),(204,NULL,'created','App\\Models\\Item',204,'Menambah barang \"Mouse\" (jumlah: 1).','127.0.0.1','2026-07-13 03:03:14','2026-07-13 03:03:14'),(205,NULL,'created','App\\Models\\Item',205,'Menambah barang \"PC\" (jumlah: 1).','127.0.0.1','2026-07-13 03:03:14','2026-07-13 03:03:14'),(206,NULL,'created','App\\Models\\Item',206,'Menambah barang \"Monitor\" (jumlah: 1).','127.0.0.1','2026-07-13 03:03:14','2026-07-13 03:03:14'),(207,NULL,'created','App\\Models\\Item',207,'Menambah barang \"Keyboard\" (jumlah: 1).','127.0.0.1','2026-07-13 03:03:14','2026-07-13 03:03:14'),(208,NULL,'created','App\\Models\\Item',208,'Menambah barang \"Mouse\" (jumlah: 1).','127.0.0.1','2026-07-13 03:03:14','2026-07-13 03:03:14'),(209,NULL,'created','App\\Models\\Item',209,'Menambah barang \"PC\" (jumlah: 1).','127.0.0.1','2026-07-13 03:03:14','2026-07-13 03:03:14'),(210,NULL,'created','App\\Models\\Item',210,'Menambah barang \"Monitor\" (jumlah: 1).','127.0.0.1','2026-07-13 03:03:14','2026-07-13 03:03:14'),(211,NULL,'created','App\\Models\\Item',211,'Menambah barang \"Keyboard\" (jumlah: 1).','127.0.0.1','2026-07-13 03:03:14','2026-07-13 03:03:14'),(212,NULL,'created','App\\Models\\Item',212,'Menambah barang \"Mouse\" (jumlah: 1).','127.0.0.1','2026-07-13 03:03:14','2026-07-13 03:03:14'),(213,NULL,'created','App\\Models\\Item',213,'Menambah barang \"PC\" (jumlah: 1).','127.0.0.1','2026-07-13 03:03:14','2026-07-13 03:03:14'),(214,NULL,'created','App\\Models\\Item',214,'Menambah barang \"Monitor\" (jumlah: 1).','127.0.0.1','2026-07-13 03:03:14','2026-07-13 03:03:14'),(215,NULL,'created','App\\Models\\Item',215,'Menambah barang \"Keyboard\" (jumlah: 1).','127.0.0.1','2026-07-13 03:03:14','2026-07-13 03:03:14'),(216,NULL,'created','App\\Models\\Item',216,'Menambah barang \"Mouse\" (jumlah: 1).','127.0.0.1','2026-07-13 03:03:14','2026-07-13 03:03:14'),(217,NULL,'created','App\\Models\\Item',217,'Menambah barang \"PC\" (jumlah: 1).','127.0.0.1','2026-07-13 03:03:14','2026-07-13 03:03:14'),(218,NULL,'created','App\\Models\\Item',218,'Menambah barang \"Monitor\" (jumlah: 1).','127.0.0.1','2026-07-13 03:03:14','2026-07-13 03:03:14'),(219,NULL,'created','App\\Models\\Item',219,'Menambah barang \"Keyboard\" (jumlah: 1).','127.0.0.1','2026-07-13 03:03:14','2026-07-13 03:03:14'),(220,NULL,'created','App\\Models\\Item',220,'Menambah barang \"Mouse\" (jumlah: 1).','127.0.0.1','2026-07-13 03:03:14','2026-07-13 03:03:14'),(221,NULL,'created','App\\Models\\Item',221,'Menambah barang \"PC\" (jumlah: 1).','127.0.0.1','2026-07-13 03:03:14','2026-07-13 03:03:14'),(222,NULL,'created','App\\Models\\Item',222,'Menambah barang \"Monitor\" (jumlah: 1).','127.0.0.1','2026-07-13 03:03:14','2026-07-13 03:03:14'),(223,NULL,'created','App\\Models\\Item',223,'Menambah barang \"Keyboard\" (jumlah: 1).','127.0.0.1','2026-07-13 03:03:14','2026-07-13 03:03:14'),(224,NULL,'created','App\\Models\\Item',224,'Menambah barang \"Mouse\" (jumlah: 1).','127.0.0.1','2026-07-13 03:03:14','2026-07-13 03:03:14'),(225,NULL,'created','App\\Models\\Item',225,'Menambah barang \"PC\" (jumlah: 1).','127.0.0.1','2026-07-13 03:03:14','2026-07-13 03:03:14'),(226,NULL,'created','App\\Models\\Item',226,'Menambah barang \"Monitor\" (jumlah: 1).','127.0.0.1','2026-07-13 03:03:14','2026-07-13 03:03:14'),(227,NULL,'created','App\\Models\\Item',227,'Menambah barang \"Keyboard\" (jumlah: 1).','127.0.0.1','2026-07-13 03:03:14','2026-07-13 03:03:14'),(228,NULL,'created','App\\Models\\Item',228,'Menambah barang \"Mouse\" (jumlah: 1).','127.0.0.1','2026-07-13 03:03:14','2026-07-13 03:03:14'),(229,NULL,'created','App\\Models\\Item',229,'Menambah barang \"PC\" (jumlah: 1).','127.0.0.1','2026-07-13 03:03:14','2026-07-13 03:03:14'),(230,NULL,'created','App\\Models\\Item',230,'Menambah barang \"Monitor\" (jumlah: 1).','127.0.0.1','2026-07-13 03:03:14','2026-07-13 03:03:14'),(231,NULL,'created','App\\Models\\Item',231,'Menambah barang \"Keyboard\" (jumlah: 1).','127.0.0.1','2026-07-13 03:03:14','2026-07-13 03:03:14'),(232,NULL,'created','App\\Models\\Item',232,'Menambah barang \"Mouse\" (jumlah: 1).','127.0.0.1','2026-07-13 03:03:14','2026-07-13 03:03:14'),(233,NULL,'created','App\\Models\\Item',233,'Menambah barang \"PC\" (jumlah: 1).','127.0.0.1','2026-07-13 03:03:14','2026-07-13 03:03:14'),(234,NULL,'created','App\\Models\\Item',234,'Menambah barang \"Monitor\" (jumlah: 1).','127.0.0.1','2026-07-13 03:03:14','2026-07-13 03:03:14'),(235,NULL,'created','App\\Models\\Item',235,'Menambah barang \"Keyboard\" (jumlah: 1).','127.0.0.1','2026-07-13 03:03:14','2026-07-13 03:03:14'),(236,NULL,'created','App\\Models\\Item',236,'Menambah barang \"Mouse\" (jumlah: 1).','127.0.0.1','2026-07-13 03:03:14','2026-07-13 03:03:14'),(237,NULL,'created','App\\Models\\Item',237,'Menambah barang \"PC\" (jumlah: 1).','127.0.0.1','2026-07-13 03:03:14','2026-07-13 03:03:14'),(238,NULL,'created','App\\Models\\Item',238,'Menambah barang \"Monitor\" (jumlah: 1).','127.0.0.1','2026-07-13 03:03:14','2026-07-13 03:03:14'),(239,NULL,'created','App\\Models\\Item',239,'Menambah barang \"Keyboard\" (jumlah: 1).','127.0.0.1','2026-07-13 03:03:14','2026-07-13 03:03:14'),(240,NULL,'created','App\\Models\\Item',240,'Menambah barang \"Mouse\" (jumlah: 1).','127.0.0.1','2026-07-13 03:03:14','2026-07-13 03:03:14'),(241,NULL,'created','App\\Models\\Item',241,'Menambah barang \"PC\" (jumlah: 1).','127.0.0.1','2026-07-13 03:03:14','2026-07-13 03:03:14'),(242,NULL,'created','App\\Models\\Item',242,'Menambah barang \"Monitor\" (jumlah: 1).','127.0.0.1','2026-07-13 03:03:14','2026-07-13 03:03:14'),(243,NULL,'created','App\\Models\\Item',243,'Menambah barang \"Keyboard\" (jumlah: 1).','127.0.0.1','2026-07-13 03:03:14','2026-07-13 03:03:14'),(244,NULL,'created','App\\Models\\Item',244,'Menambah barang \"Mouse\" (jumlah: 1).','127.0.0.1','2026-07-13 03:03:15','2026-07-13 03:03:15'),(245,NULL,'created','App\\Models\\Item',245,'Menambah barang \"PC\" (jumlah: 1).','127.0.0.1','2026-07-13 03:03:15','2026-07-13 03:03:15'),(246,NULL,'created','App\\Models\\Item',246,'Menambah barang \"Monitor\" (jumlah: 1).','127.0.0.1','2026-07-13 03:03:15','2026-07-13 03:03:15'),(247,NULL,'created','App\\Models\\Item',247,'Menambah barang \"Keyboard\" (jumlah: 1).','127.0.0.1','2026-07-13 03:03:15','2026-07-13 03:03:15'),(248,NULL,'created','App\\Models\\Item',248,'Menambah barang \"Mouse\" (jumlah: 1).','127.0.0.1','2026-07-13 03:03:15','2026-07-13 03:03:15'),(249,NULL,'created','App\\Models\\Item',249,'Menambah barang \"PC\" (jumlah: 1).','127.0.0.1','2026-07-13 03:03:15','2026-07-13 03:03:15'),(250,NULL,'created','App\\Models\\Item',250,'Menambah barang \"Monitor\" (jumlah: 1).','127.0.0.1','2026-07-13 03:03:15','2026-07-13 03:03:15'),(251,NULL,'created','App\\Models\\Item',251,'Menambah barang \"Keyboard\" (jumlah: 1).','127.0.0.1','2026-07-13 03:03:15','2026-07-13 03:03:15'),(252,NULL,'created','App\\Models\\Item',252,'Menambah barang \"Mouse\" (jumlah: 1).','127.0.0.1','2026-07-13 03:03:15','2026-07-13 03:03:15'),(253,NULL,'created','App\\Models\\Item',253,'Menambah barang \"PC\" (jumlah: 1).','127.0.0.1','2026-07-13 03:03:15','2026-07-13 03:03:15'),(254,NULL,'created','App\\Models\\Item',254,'Menambah barang \"Monitor\" (jumlah: 1).','127.0.0.1','2026-07-13 03:03:15','2026-07-13 03:03:15'),(255,NULL,'created','App\\Models\\Item',255,'Menambah barang \"Keyboard\" (jumlah: 1).','127.0.0.1','2026-07-13 03:03:15','2026-07-13 03:03:15'),(256,NULL,'created','App\\Models\\Item',256,'Menambah barang \"Mouse\" (jumlah: 1).','127.0.0.1','2026-07-13 03:03:15','2026-07-13 03:03:15'),(257,NULL,'created','App\\Models\\Item',257,'Menambah barang \"PC\" (jumlah: 1).','127.0.0.1','2026-07-13 03:03:15','2026-07-13 03:03:15'),(258,NULL,'created','App\\Models\\Item',258,'Menambah barang \"Monitor\" (jumlah: 1).','127.0.0.1','2026-07-13 03:03:15','2026-07-13 03:03:15'),(259,NULL,'created','App\\Models\\Item',259,'Menambah barang \"Keyboard\" (jumlah: 1).','127.0.0.1','2026-07-13 03:03:15','2026-07-13 03:03:15'),(260,NULL,'created','App\\Models\\Item',260,'Menambah barang \"Mouse\" (jumlah: 1).','127.0.0.1','2026-07-13 03:03:15','2026-07-13 03:03:15'),(261,NULL,'created','App\\Models\\Item',261,'Menambah barang \"PC\" (jumlah: 1).','127.0.0.1','2026-07-13 03:03:15','2026-07-13 03:03:15'),(262,NULL,'created','App\\Models\\Item',262,'Menambah barang \"Monitor\" (jumlah: 1).','127.0.0.1','2026-07-13 03:03:15','2026-07-13 03:03:15'),(263,NULL,'created','App\\Models\\Item',263,'Menambah barang \"Keyboard\" (jumlah: 1).','127.0.0.1','2026-07-13 03:03:15','2026-07-13 03:03:15'),(264,NULL,'created','App\\Models\\Item',264,'Menambah barang \"Mouse\" (jumlah: 1).','127.0.0.1','2026-07-13 03:03:15','2026-07-13 03:03:15'),(265,NULL,'created','App\\Models\\Item',265,'Menambah barang \"PC\" (jumlah: 1).','127.0.0.1','2026-07-13 03:03:15','2026-07-13 03:03:15'),(266,NULL,'created','App\\Models\\Item',266,'Menambah barang \"Monitor\" (jumlah: 1).','127.0.0.1','2026-07-13 03:03:15','2026-07-13 03:03:15'),(267,NULL,'created','App\\Models\\Item',267,'Menambah barang \"Keyboard\" (jumlah: 1).','127.0.0.1','2026-07-13 03:03:15','2026-07-13 03:03:15'),(268,NULL,'created','App\\Models\\Item',268,'Menambah barang \"Mouse\" (jumlah: 1).','127.0.0.1','2026-07-13 03:03:15','2026-07-13 03:03:15'),(269,NULL,'created','App\\Models\\Item',269,'Menambah barang \"PC\" (jumlah: 1).','127.0.0.1','2026-07-13 03:03:15','2026-07-13 03:03:15'),(270,NULL,'created','App\\Models\\Item',270,'Menambah barang \"Monitor\" (jumlah: 1).','127.0.0.1','2026-07-13 03:03:15','2026-07-13 03:03:15'),(271,NULL,'created','App\\Models\\Item',271,'Menambah barang \"Keyboard\" (jumlah: 1).','127.0.0.1','2026-07-13 03:03:15','2026-07-13 03:03:15'),(272,NULL,'created','App\\Models\\Item',272,'Menambah barang \"Mouse\" (jumlah: 1).','127.0.0.1','2026-07-13 03:03:15','2026-07-13 03:03:15'),(273,NULL,'created','App\\Models\\Item',273,'Menambah barang \"PC\" (jumlah: 1).','127.0.0.1','2026-07-13 03:03:15','2026-07-13 03:03:15'),(274,NULL,'created','App\\Models\\Item',274,'Menambah barang \"Monitor\" (jumlah: 1).','127.0.0.1','2026-07-13 03:03:15','2026-07-13 03:03:15'),(275,NULL,'created','App\\Models\\Item',275,'Menambah barang \"Keyboard\" (jumlah: 1).','127.0.0.1','2026-07-13 03:03:15','2026-07-13 03:03:15'),(276,NULL,'created','App\\Models\\Item',276,'Menambah barang \"Mouse\" (jumlah: 1).','127.0.0.1','2026-07-13 03:03:15','2026-07-13 03:03:15'),(277,NULL,'created','App\\Models\\Item',277,'Menambah barang \"PC\" (jumlah: 1).','127.0.0.1','2026-07-13 03:03:15','2026-07-13 03:03:15'),(278,NULL,'created','App\\Models\\Item',278,'Menambah barang \"Monitor\" (jumlah: 1).','127.0.0.1','2026-07-13 03:03:15','2026-07-13 03:03:15'),(279,NULL,'created','App\\Models\\Item',279,'Menambah barang \"Keyboard\" (jumlah: 1).','127.0.0.1','2026-07-13 03:03:15','2026-07-13 03:03:15'),(280,NULL,'created','App\\Models\\Item',280,'Menambah barang \"Mouse\" (jumlah: 1).','127.0.0.1','2026-07-13 03:03:16','2026-07-13 03:03:16'),(281,NULL,'created','App\\Models\\Item',281,'Menambah barang \"PC\" (jumlah: 1).','127.0.0.1','2026-07-13 03:03:16','2026-07-13 03:03:16'),(282,NULL,'created','App\\Models\\Item',282,'Menambah barang \"Monitor\" (jumlah: 1).','127.0.0.1','2026-07-13 03:03:16','2026-07-13 03:03:16'),(283,NULL,'created','App\\Models\\Item',283,'Menambah barang \"Keyboard\" (jumlah: 1).','127.0.0.1','2026-07-13 03:03:16','2026-07-13 03:03:16'),(284,NULL,'created','App\\Models\\Item',284,'Menambah barang \"Mouse\" (jumlah: 1).','127.0.0.1','2026-07-13 03:03:16','2026-07-13 03:03:16'),(285,NULL,'created','App\\Models\\Item',285,'Menambah barang \"PC\" (jumlah: 1).','127.0.0.1','2026-07-13 03:03:16','2026-07-13 03:03:16'),(286,NULL,'created','App\\Models\\Item',286,'Menambah barang \"Monitor\" (jumlah: 1).','127.0.0.1','2026-07-13 03:03:16','2026-07-13 03:03:16'),(287,NULL,'created','App\\Models\\Item',287,'Menambah barang \"Keyboard\" (jumlah: 1).','127.0.0.1','2026-07-13 03:03:16','2026-07-13 03:03:16'),(288,NULL,'created','App\\Models\\Item',288,'Menambah barang \"Mouse\" (jumlah: 1).','127.0.0.1','2026-07-13 03:03:16','2026-07-13 03:03:16'),(289,NULL,'created','App\\Models\\Item',289,'Menambah barang \"Switch Cisco 24 Port\" (jumlah: 4).','127.0.0.1','2026-07-13 03:03:16','2026-07-13 03:03:16'),(290,NULL,'created','App\\Models\\Item',290,'Menambah barang \"Router MikroTik RB951\" (jumlah: 3).','127.0.0.1','2026-07-13 03:03:16','2026-07-13 03:03:16'),(291,NULL,'created','App\\Models\\Item',291,'Menambah barang \"Access Point UniFi\" (jumlah: 5).','127.0.0.1','2026-07-13 03:03:16','2026-07-13 03:03:16'),(292,NULL,'created','App\\Models\\Item',292,'Menambah barang \"Proyektor Epson\" (jumlah: 2).','127.0.0.1','2026-07-13 03:03:16','2026-07-13 03:03:16'),(293,NULL,'created','App\\Models\\Item',293,'Menambah barang \"Printer Laserjet\" (jumlah: 2).','127.0.0.1','2026-07-13 03:03:16','2026-07-13 03:03:16'),(294,NULL,'created','App\\Models\\Item',294,'Menambah barang \"UPS 1200VA\" (jumlah: 3).','127.0.0.1','2026-07-13 03:03:16','2026-07-13 03:03:16'),(295,NULL,'created','App\\Models\\Item',295,'Menambah barang \"Rak Server 19\"\" (jumlah: 1).','127.0.0.1','2026-07-13 03:03:16','2026-07-13 03:03:16'),(296,NULL,'created','App\\Models\\Item',296,'Menambah barang \"Crimping Tool\" (jumlah: 6).','127.0.0.1','2026-07-13 03:03:16','2026-07-13 03:03:16'),(297,NULL,'created','App\\Models\\Item',297,'Menambah barang \"LAN Tester\" (jumlah: 4).','127.0.0.1','2026-07-13 03:03:16','2026-07-13 03:03:16'),(298,NULL,'created','App\\Models\\Item',298,'Menambah barang \"Kabel UTP Cat6 (box)\" (jumlah: 10).','127.0.0.1','2026-07-13 03:03:16','2026-07-13 03:03:16'),(299,NULL,'created','App\\Models\\Item',299,'Menambah barang \"Konektor RJ45 (pack)\" (jumlah: 20).','127.0.0.1','2026-07-13 03:03:16','2026-07-13 03:03:16'),(300,1,'login','App\\Models\\User',1,'Berhasil masuk ke sistem.','172.16.10.134','2026-07-13 03:15:11','2026-07-13 03:15:11'),(301,1,'deleted','App\\Models\\Item',291,'Menghapus barang \"Access Point UniFi\".','172.16.10.134','2026-07-13 03:15:25','2026-07-13 03:15:25'),(302,1,'deleted','App\\Models\\Item',296,'Menghapus barang \"Crimping Tool\".','172.16.10.134','2026-07-13 03:15:26','2026-07-13 03:15:26'),(303,1,'deleted','App\\Models\\Item',298,'Menghapus barang \"Kabel UTP Cat6 (box)\".','172.16.10.134','2026-07-13 03:15:28','2026-07-13 03:15:28'),(304,1,'export',NULL,NULL,'Export inventaris ke PDF.','172.16.10.134','2026-07-13 03:15:33','2026-07-13 03:15:33'),(305,1,'deleted','App\\Models\\Item',299,'Menghapus barang \"Konektor RJ45 (pack)\".','172.16.10.134','2026-07-13 03:16:24','2026-07-13 03:16:24'),(306,1,'deleted','App\\Models\\Item',297,'Menghapus barang \"LAN Tester\".','172.16.10.134','2026-07-13 03:16:33','2026-07-13 03:16:33'),(307,1,'deleted','App\\Models\\Item',293,'Menghapus barang \"Printer Laserjet\".','172.16.10.134','2026-07-13 03:16:38','2026-07-13 03:16:38'),(308,1,'deleted','App\\Models\\Item',292,'Menghapus barang \"Proyektor Epson\".','172.16.10.134','2026-07-13 03:16:42','2026-07-13 03:16:42'),(309,1,'deleted','App\\Models\\Item',295,'Menghapus barang \"Rak Server 19\"\".','172.16.10.134','2026-07-13 03:16:46','2026-07-13 03:16:46'),(310,1,'deleted','App\\Models\\Item',290,'Menghapus barang \"Router MikroTik RB951\".','172.16.10.134','2026-07-13 03:16:49','2026-07-13 03:16:49'),(311,1,'deleted','App\\Models\\Item',289,'Menghapus barang \"Switch Cisco 24 Port\".','172.16.10.134','2026-07-13 03:16:53','2026-07-13 03:16:53'),(312,1,'deleted','App\\Models\\Item',294,'Menghapus barang \"UPS 1200VA\".','172.16.10.134','2026-07-13 03:16:57','2026-07-13 03:16:57'),(313,1,'login','App\\Models\\User',1,'Berhasil masuk ke sistem.','127.0.0.1','2026-07-13 03:37:01','2026-07-13 03:37:01'),(314,1,'created','App\\Models\\Item',300,'Menambah barang \"rois\" (jumlah: 1).','127.0.0.1','2026-07-13 03:42:27','2026-07-13 03:42:27'),(315,1,'login','App\\Models\\User',1,'Berhasil masuk ke sistem.','127.0.0.1','2026-07-13 04:14:52','2026-07-13 04:14:52'),(316,2,'login','App\\Models\\User',2,'Berhasil masuk ke sistem.','127.0.0.1','2026-07-13 04:24:19','2026-07-13 04:24:19'),(317,2,'created','App\\Models\\Report',1,'Membuat laporan Barang Hilang untuk barang #195 (jumlah: 1).','127.0.0.1','2026-07-13 04:25:14','2026-07-13 04:25:14'),(318,2,'created','App\\Models\\Procurement',1,'Mengajukan barang \"Starlink\" sebanyak 1.','127.0.0.1','2026-07-13 04:28:50','2026-07-13 04:28:50'),(319,1,'updated','App\\Models\\Procurement',1,'Mengubah status pengajuan #1 menjadi Ditolak.','127.0.0.1','2026-07-13 04:30:17','2026-07-13 04:30:17'),(320,2,'login','App\\Models\\User',2,'Berhasil masuk ke sistem.','127.0.0.1','2026-07-13 05:39:08','2026-07-13 05:39:08'),(321,2,'login','App\\Models\\User',2,'Berhasil masuk ke sistem.','127.0.0.1','2026-07-13 05:41:06','2026-07-13 05:41:06'),(322,2,'login','App\\Models\\User',2,'Berhasil masuk ke sistem.','127.0.0.1','2026-07-13 05:55:32','2026-07-13 05:55:32'),(323,2,'created','App\\Models\\Report',2,'Membuat laporan Barang Rusak untuk barang #34 (jumlah: 1).','127.0.0.1','2026-07-13 05:56:56','2026-07-13 05:56:56'),(324,2,'logout','App\\Models\\User',2,'Keluar dari sistem.','127.0.0.1','2026-07-13 06:30:19','2026-07-13 06:30:19'),(325,1,'login','App\\Models\\User',1,'Berhasil masuk ke sistem.','127.0.0.1','2026-07-13 06:30:26','2026-07-13 06:30:26'),(326,1,'updated','App\\Models\\Item',3,'Mengubah barang \"Keyboard\" (field: status).','127.0.0.1','2026-07-13 06:56:46','2026-07-13 06:56:46'),(327,1,'updated','App\\Models\\Item',3,'Mengubah barang \"Keyboard\" (field: status).','127.0.0.1','2026-07-13 06:56:57','2026-07-13 06:56:57'),(328,1,'updated','App\\Models\\Item',156,'Mengubah barang \"Mouse\" (field: status).','127.0.0.1','2026-07-13 06:58:02','2026-07-13 06:58:02'),(329,2,'logout','App\\Models\\User',2,'Keluar dari sistem.','127.0.0.1','2026-07-13 06:58:45','2026-07-13 06:58:45'),(330,1,'logout','App\\Models\\User',1,'Keluar dari sistem.','127.0.0.1','2026-07-13 06:59:20','2026-07-13 06:59:20'),(331,1,'login','App\\Models\\User',1,'Berhasil masuk ke sistem.','127.0.0.1','2026-07-13 06:59:24','2026-07-13 06:59:24'),(332,1,'login','App\\Models\\User',1,'Berhasil masuk ke sistem.','127.0.0.1','2026-07-13 06:59:25','2026-07-13 06:59:25'),(333,1,'login','App\\Models\\User',1,'Berhasil masuk ke sistem.','127.0.0.1','2026-07-13 06:59:26','2026-07-13 06:59:26'),(334,1,'logout','App\\Models\\User',1,'Keluar dari sistem.','127.0.0.1','2026-07-13 06:59:53','2026-07-13 06:59:53'),(335,3,'login','App\\Models\\User',3,'Berhasil masuk ke sistem.','127.0.0.1','2026-07-13 07:00:05','2026-07-13 07:00:05'),(336,3,'updated','App\\Models\\Item',217,'Mengubah barang \"PC\" (field: status).','127.0.0.1','2026-07-13 07:04:58','2026-07-13 07:04:58'),(337,3,'updated','App\\Models\\Item',217,'Mengubah barang \"PC\" (field: status).','127.0.0.1','2026-07-13 07:05:37','2026-07-13 07:05:37'),(338,3,'updated','App\\Models\\Item',157,'Mengubah barang \"PC\" (field: status, keterangan).','127.0.0.1','2026-07-13 07:07:47','2026-07-13 07:07:47'),(339,3,'updated','App\\Models\\Item',153,'Mengubah barang \"PC\" (field: status, keterangan).','127.0.0.1','2026-07-13 07:08:18','2026-07-13 07:08:18'),(340,1,'login','App\\Models\\User',1,'Berhasil masuk ke sistem.','127.0.0.1','2026-07-13 07:08:36','2026-07-13 07:08:36'),(341,3,'updated','App\\Models\\Item',185,'Mengubah barang \"PC\" (field: status, keterangan).','127.0.0.1','2026-07-13 07:12:03','2026-07-13 07:12:03'),(342,3,'updated','App\\Models\\Item',193,'Mengubah barang \"PC\" (field: status, keterangan).','127.0.0.1','2026-07-13 07:14:32','2026-07-13 07:14:32'),(343,1,'updated','App\\Models\\Item',241,'Mengubah barang \"PC\" (field: keterangan).','127.0.0.1','2026-07-13 07:19:55','2026-07-13 07:19:55'),(344,1,'updated','App\\Models\\Item',217,'Mengubah barang \"PC\" (field: status, keterangan).','127.0.0.1','2026-07-13 07:22:24','2026-07-13 07:22:24'),(345,1,'updated','App\\Models\\Item',165,'Mengubah barang \"PC\" (field: keterangan).','127.0.0.1','2026-07-13 07:25:30','2026-07-13 07:25:30'),(346,1,'updated','App\\Models\\Item',177,'Mengubah barang \"PC\" (field: keterangan).','127.0.0.1','2026-07-13 07:26:32','2026-07-13 07:26:32'),(347,1,'updated','App\\Models\\Item',237,'Mengubah barang \"PC\" (field: keterangan).','127.0.0.1','2026-07-13 07:29:23','2026-07-13 07:29:23'),(348,1,'updated','App\\Models\\Item',261,'Mengubah barang \"PC\" (field: keterangan).','127.0.0.1','2026-07-13 07:30:13','2026-07-13 07:30:13'),(349,1,'updated','App\\Models\\Item',261,'Mengubah barang \"PC\" (field: status).','127.0.0.1','2026-07-13 07:31:34','2026-07-13 07:31:34'),(350,1,'updated','App\\Models\\Item',249,'Mengubah barang \"PC\" (field: status, keterangan).','127.0.0.1','2026-07-13 07:32:06','2026-07-13 07:32:06'),(351,1,'updated','App\\Models\\Item',217,'Mengubah barang \"PC\" (field: status, keterangan).','127.0.0.1','2026-07-13 07:33:38','2026-07-13 07:33:38'),(352,1,'updated','App\\Models\\Item',40,'Mengubah barang \"Mouse\" (field: status).','127.0.0.1','2026-07-13 07:34:30','2026-07-13 07:34:30'),(353,1,'updated','App\\Models\\Item',286,'Mengubah barang \"Monitor\" (field: status, keterangan).','127.0.0.1','2026-07-13 07:34:44','2026-07-13 07:34:44'),(354,1,'updated','App\\Models\\Item',100,'Mengubah barang \"Mouse\" (field: status).','127.0.0.1','2026-07-13 07:34:57','2026-07-13 07:34:57'),(355,1,'updated','App\\Models\\Item',156,'Mengubah barang \"Mouse\" (field: status).','127.0.0.1','2026-07-13 07:36:05','2026-07-13 07:36:05'),(356,1,'deleted','App\\Models\\Item',300,'Menghapus barang \"rois\".','127.0.0.1','2026-07-13 07:37:58','2026-07-13 07:37:58'),(357,1,'export',NULL,NULL,'Export inventaris ke PDF.','127.0.0.1','2026-07-13 07:39:05','2026-07-13 07:39:05'),(358,1,'updated','App\\Models\\Item',286,'Mengubah barang \"Monitor\" (field: status, keterangan).','127.0.0.1','2026-07-13 07:42:29','2026-07-13 07:42:29'),(359,2,'login','App\\Models\\User',2,'Berhasil masuk ke sistem.','127.0.0.1','2026-07-13 07:46:31','2026-07-13 07:46:31'),(360,2,'created','App\\Models\\Procurement',2,'Mengajukan barang \"AP, Router,\" sebanyak 12.','127.0.0.1','2026-07-13 07:47:40','2026-07-13 07:47:40'),(361,1,'updated','App\\Models\\Item',181,'Mengubah barang \"PC\" (field: status, keterangan).','127.0.0.1','2026-07-13 07:58:12','2026-07-13 07:58:12'),(362,3,'login','App\\Models\\User',3,'Berhasil masuk ke sistem.','127.0.0.1','2026-07-13 09:42:40','2026-07-13 09:42:40'),(363,3,'login','App\\Models\\User',3,'Berhasil masuk ke sistem.','127.0.0.1','2026-07-13 11:26:57','2026-07-13 11:26:57'),(364,2,'login','App\\Models\\User',2,'Berhasil masuk ke sistem.','127.0.0.1','2026-07-13 12:00:52','2026-07-13 12:00:52'),(365,2,'created','App\\Models\\Report',3,'Membuat laporan Barang Rusak untuk barang #3 (jumlah: 1).','127.0.0.1','2026-07-13 12:01:22','2026-07-13 12:01:22'),(366,1,'login','App\\Models\\User',1,'Berhasil masuk ke sistem.','127.0.0.1','2026-07-13 12:34:56','2026-07-13 12:34:56'),(367,3,'login','App\\Models\\User',3,'Berhasil masuk ke sistem.','127.0.0.1','2026-07-13 23:26:51','2026-07-13 23:26:51'),(368,3,'updated','App\\Models\\LabGroup',13,'Mengubah kelompok di TEFA.','127.0.0.1','2026-07-13 23:28:22','2026-07-13 23:28:22'),(369,3,'updated','App\\Models\\LabGroup',13,'Mengubah kelompok di TEFA.','127.0.0.1','2026-07-13 23:28:30','2026-07-13 23:28:30'),(370,3,'updated','App\\Models\\Category',3,'Mengubah kategori \"Keyboard\".','127.0.0.1','2026-07-13 23:31:54','2026-07-13 23:31:54'),(371,3,'updated','App\\Models\\Category',1,'Mengubah kategori \"Komputer\".','127.0.0.1','2026-07-13 23:32:03','2026-07-13 23:32:03'),(372,3,'updated','App\\Models\\Category',2,'Mengubah kategori \"Monitor\".','127.0.0.1','2026-07-13 23:32:11','2026-07-13 23:32:11'),(373,3,'updated','App\\Models\\Category',4,'Mengubah kategori \"Mouse\".','127.0.0.1','2026-07-13 23:32:16','2026-07-13 23:32:16'),(374,2,'login','App\\Models\\User',2,'Berhasil masuk ke sistem.','127.0.0.1','2026-07-13 23:34:31','2026-07-13 23:34:31'),(375,2,'created','App\\Models\\Report',4,'Membuat laporan Barang Rusak untuk barang #40 (jumlah: 1).','127.0.0.1','2026-07-13 23:35:45','2026-07-13 23:35:45'),(376,2,'created','App\\Models\\Report',5,'Membuat laporan Barang Rusak untuk barang #153 (jumlah: 1).','127.0.0.1','2026-07-13 23:36:38','2026-07-13 23:36:38'),(377,2,'created','App\\Models\\Report',6,'Membuat laporan Barang Rusak untuk barang #157 (jumlah: 1).','127.0.0.1','2026-07-13 23:37:09','2026-07-13 23:37:09'),(378,2,'created','App\\Models\\Report',7,'Membuat laporan Barang Rusak untuk barang #181 (jumlah: 1).','127.0.0.1','2026-07-13 23:37:43','2026-07-13 23:37:43'),(379,2,'created','App\\Models\\Report',8,'Membuat laporan Barang Rusak untuk barang #185 (jumlah: 1).','127.0.0.1','2026-07-13 23:38:10','2026-07-13 23:38:10'),(380,2,'created','App\\Models\\Report',9,'Membuat laporan Barang Rusak untuk barang #193 (jumlah: 1).','127.0.0.1','2026-07-13 23:38:55','2026-07-13 23:38:55'),(381,2,'created','App\\Models\\Report',10,'Membuat laporan Barang Rusak untuk barang #249 (jumlah: 1).','127.0.0.1','2026-07-13 23:39:24','2026-07-13 23:39:24'),(382,2,'created','App\\Models\\Report',11,'Membuat laporan Barang Rusak untuk barang #261 (jumlah: 1).','127.0.0.1','2026-07-13 23:39:42','2026-07-13 23:39:42'),(383,2,'created','App\\Models\\Report',12,'Membuat laporan Barang Hilang untuk barang #100 (jumlah: 1).','127.0.0.1','2026-07-13 23:40:33','2026-07-13 23:40:33'),(384,3,'export',NULL,NULL,'Export laporan ke PDF.','127.0.0.1','2026-07-13 23:41:23','2026-07-13 23:41:23'),(385,3,'export',NULL,NULL,'Export laporan ke PDF.','127.0.0.1','2026-07-13 23:45:19','2026-07-13 23:45:19'),(386,1,'login','App\\Models\\User',1,'Berhasil masuk ke sistem.','127.0.0.1','2026-07-14 01:10:22','2026-07-14 01:10:22'),(387,1,'login','App\\Models\\User',1,'Berhasil masuk ke sistem.','127.0.0.1','2026-07-14 02:39:25','2026-07-14 02:39:25'),(388,1,'login','App\\Models\\User',1,'Berhasil masuk ke sistem.','127.0.0.1','2026-07-14 02:41:04','2026-07-14 02:41:04'),(389,1,'updated','App\\Models\\Report',11,'Memperbarui status laporan #11 menjadi Selesai.','127.0.0.1','2026-07-14 02:44:50','2026-07-14 02:44:50'),(390,1,'login','App\\Models\\User',1,'Berhasil masuk ke sistem.','127.0.0.1','2026-07-14 04:00:11','2026-07-14 04:00:11'),(391,1,'logout','App\\Models\\User',1,'Keluar dari sistem.','127.0.0.1','2026-07-14 04:04:26','2026-07-14 04:04:26'),(392,1,'login','App\\Models\\User',1,'Berhasil masuk ke sistem.','127.0.0.1','2026-07-14 04:15:26','2026-07-14 04:15:26'),(393,1,'login','App\\Models\\User',1,'Berhasil masuk ke sistem.','127.0.0.1','2026-07-14 04:22:26','2026-07-14 04:22:26'),(394,1,'created','App\\Models\\Item',301,'Menambah barang \"Sampah\" (jumlah: 1).','127.0.0.1','2026-07-14 04:22:49','2026-07-14 04:22:49'),(395,1,'deleted','App\\Models\\Item',301,'Menghapus barang \"Sampah\".','127.0.0.1','2026-07-14 04:24:10','2026-07-14 04:24:10'),(396,1,'logout','App\\Models\\User',1,'Keluar dari sistem.','127.0.0.1','2026-07-14 04:31:29','2026-07-14 04:31:29'),(397,4,'login','App\\Models\\User',4,'Berhasil masuk ke sistem.','127.0.0.1','2026-07-14 04:31:49','2026-07-14 04:31:49'),(398,4,'logout','App\\Models\\User',4,'Keluar dari sistem.','127.0.0.1','2026-07-14 04:32:09','2026-07-14 04:32:09'),(399,3,'login','App\\Models\\User',3,'Berhasil masuk ke sistem.','127.0.0.1','2026-07-14 04:32:19','2026-07-14 04:32:19'),(400,3,'logout','App\\Models\\User',3,'Keluar dari sistem.','127.0.0.1','2026-07-14 04:32:54','2026-07-14 04:32:54'),(401,2,'login','App\\Models\\User',2,'Berhasil masuk ke sistem.','127.0.0.1','2026-07-14 04:33:08','2026-07-14 04:33:08'),(402,2,'created','App\\Models\\Procurement',3,'Mengajukan barang \"Mikrotik RB941\" sebanyak 12.','127.0.0.1','2026-07-14 04:35:26','2026-07-14 04:35:26'),(403,2,'logout','App\\Models\\User',2,'Keluar dari sistem.','127.0.0.1','2026-07-14 04:35:33','2026-07-14 04:35:33'),(404,1,'login','App\\Models\\User',1,'Berhasil masuk ke sistem.','127.0.0.1','2026-07-14 04:35:38','2026-07-14 04:35:38'),(405,1,'updated','App\\Models\\Procurement',3,'Mengubah status pengajuan #3 menjadi Disetujui.','127.0.0.1','2026-07-14 04:36:28','2026-07-14 04:36:28'),(406,1,'logout','App\\Models\\User',1,'Keluar dari sistem.','127.0.0.1','2026-07-14 04:36:41','2026-07-14 04:36:41'),(407,2,'login','App\\Models\\User',2,'Berhasil masuk ke sistem.','127.0.0.1','2026-07-14 04:36:50','2026-07-14 04:36:50'),(408,2,'logout','App\\Models\\User',2,'Keluar dari sistem.','127.0.0.1','2026-07-14 04:39:32','2026-07-14 04:39:32'),(409,1,'login','App\\Models\\User',1,'Berhasil masuk ke sistem.','127.0.0.1','2026-07-14 04:39:40','2026-07-14 04:39:40'),(410,4,'login','App\\Models\\User',4,'Berhasil masuk ke sistem.','127.0.0.1','2026-07-14 04:40:20','2026-07-14 04:40:20'),(411,4,'logout','App\\Models\\User',4,'Keluar dari sistem.','127.0.0.1','2026-07-14 04:43:42','2026-07-14 04:43:42'),(412,2,'login','App\\Models\\User',2,'Berhasil masuk ke sistem.','127.0.0.1','2026-07-14 04:43:49','2026-07-14 04:43:49'),(413,2,'logout','App\\Models\\User',2,'Keluar dari sistem.','127.0.0.1','2026-07-14 04:44:42','2026-07-14 04:44:42'),(414,3,'login','App\\Models\\User',3,'Berhasil masuk ke sistem.','127.0.0.1','2026-07-14 04:44:48','2026-07-14 04:44:48'),(415,3,'updated','App\\Models\\LabGroup',13,'Mengubah kelompok di TEFA.','127.0.0.1','2026-07-14 04:45:53','2026-07-14 04:45:53'),(416,3,'created','App\\Models\\LabGroup',19,'Menambah Kelompok 7 di TEFA.','127.0.0.1','2026-07-14 04:46:55','2026-07-14 04:46:55'),(417,3,'created','App\\Models\\LabTable',109,'Menambah Meja 1 pada Kelompok 7.','127.0.0.1','2026-07-14 04:47:02','2026-07-14 04:47:02'),(418,3,'created','App\\Models\\LabTable',110,'Menambah Meja 2 pada Kelompok 7.','127.0.0.1','2026-07-14 04:47:04','2026-07-14 04:47:04'),(419,3,'created','App\\Models\\LabTable',111,'Menambah Meja 3 pada Kelompok 7.','127.0.0.1','2026-07-14 04:47:06','2026-07-14 04:47:06'),(420,3,'created','App\\Models\\LabTable',112,'Menambah Meja 4 pada Kelompok 7.','127.0.0.1','2026-07-14 04:47:08','2026-07-14 04:47:08'),(421,3,'created','App\\Models\\LabTable',113,'Menambah Meja 5 pada Kelompok 7.','127.0.0.1','2026-07-14 04:47:14','2026-07-14 04:47:14'),(422,3,'created','App\\Models\\LabTable',114,'Menambah Meja 6 pada Kelompok 7.','127.0.0.1','2026-07-14 04:47:17','2026-07-14 04:47:17'),(423,3,'updated','App\\Models\\LabGroup',19,'Mengubah kelompok di TEFA.','127.0.0.1','2026-07-14 04:47:25','2026-07-14 04:47:25'),(424,1,'login','App\\Models\\User',1,'Berhasil masuk ke sistem.','127.0.0.1','2026-07-14 04:56:32','2026-07-14 04:56:32'),(425,1,'created','App\\Models\\Category',18,'Menambah kategori \"Obeng +\".','127.0.0.1','2026-07-14 04:57:44','2026-07-14 04:57:44'),(426,1,'created','App\\Models\\Item',302,'Menambah barang \"Obeng +\" (jumlah: 100).','127.0.0.1','2026-07-14 04:58:46','2026-07-14 04:58:46'),(427,1,'export',NULL,NULL,'Export inventaris ke PDF.','127.0.0.1','2026-07-14 04:59:00','2026-07-14 04:59:00'),(428,1,'export',NULL,NULL,'Export inventaris ke PDF.','127.0.0.1','2026-07-14 04:59:07','2026-07-14 04:59:07'),(429,1,'export',NULL,NULL,'Export inventaris ke PDF.','127.0.0.1','2026-07-14 04:59:32','2026-07-14 04:59:32'),(430,1,'logout','App\\Models\\User',1,'Keluar dari sistem.','127.0.0.1','2026-07-14 05:00:45','2026-07-14 05:00:45'),(431,2,'login','App\\Models\\User',2,'Berhasil masuk ke sistem.','127.0.0.1','2026-07-14 05:00:55','2026-07-14 05:00:55'),(432,2,'created','App\\Models\\Report',13,'Membuat laporan Barang Rusak untuk barang #7 (jumlah: 1).','127.0.0.1','2026-07-14 05:01:35','2026-07-14 05:01:35'),(433,2,'logout','App\\Models\\User',2,'Keluar dari sistem.','127.0.0.1','2026-07-14 05:01:37','2026-07-14 05:01:37'),(434,1,'login','App\\Models\\User',1,'Berhasil masuk ke sistem.','127.0.0.1','2026-07-14 05:01:47','2026-07-14 05:01:47'),(435,1,'updated','App\\Models\\Report',13,'Memperbarui status laporan #13 menjadi Diproses.','127.0.0.1','2026-07-14 05:02:13','2026-07-14 05:02:13'),(436,1,'export',NULL,NULL,'Export laporan ke PDF.','127.0.0.1','2026-07-14 05:02:27','2026-07-14 05:02:27'),(437,1,'updated','App\\Models\\Report',11,'Memperbarui status laporan #11 menjadi Dilaporkan.','127.0.0.1','2026-07-14 05:05:20','2026-07-14 05:05:20'),(438,1,'deleted','App\\Models\\Item',302,'Menghapus barang \"Obeng +\".','127.0.0.1','2026-07-14 05:05:48','2026-07-14 05:05:48'),(439,1,'login','App\\Models\\User',1,'Berhasil masuk ke sistem.','127.0.0.1','2026-07-14 06:08:31','2026-07-14 06:08:31'),(440,3,'logout','App\\Models\\User',3,'Keluar dari sistem.','127.0.0.1','2026-07-14 06:17:17','2026-07-14 06:17:17'),(441,5,'login','App\\Models\\User',5,'Berhasil masuk ke sistem.','127.0.0.1','2026-07-14 06:17:28','2026-07-14 06:17:28'),(442,5,'logout','App\\Models\\User',5,'Keluar dari sistem.','127.0.0.1','2026-07-14 06:17:33','2026-07-14 06:17:33'),(443,5,'login','App\\Models\\User',5,'Berhasil masuk ke sistem.','127.0.0.1','2026-07-14 06:17:37','2026-07-14 06:17:37'),(444,5,'logout','App\\Models\\User',5,'Keluar dari sistem.','127.0.0.1','2026-07-14 06:17:40','2026-07-14 06:17:40'),(445,1,'login','App\\Models\\User',1,'Berhasil masuk ke sistem.','127.0.0.1','2026-07-14 06:17:47','2026-07-14 06:17:47'),(446,1,'export',NULL,NULL,'Export inventaris ke PDF.','127.0.0.1','2026-07-14 06:21:54','2026-07-14 06:21:54'),(447,1,'created','App\\Models\\LabTable',115,'Menambah ujicoba pada Kelompok 1.','127.0.0.1','2026-07-14 06:23:22','2026-07-14 06:23:22'),(448,1,'created','App\\Models\\Item',303,'Menambah barang \"sampah\" (jumlah: 1).','127.0.0.1','2026-07-14 06:23:37','2026-07-14 06:23:37'),(449,1,'deleted',NULL,NULL,'Menghapus meja pada Kelompok 1.','127.0.0.1','2026-07-14 06:23:48','2026-07-14 06:23:48'),(450,1,'deleted','App\\Models\\Item',303,'Menghapus barang \"sampah\".','127.0.0.1','2026-07-14 06:24:04','2026-07-14 06:24:04'),(451,5,'login','App\\Models\\User',5,'Berhasil masuk ke sistem.','127.0.0.1','2026-07-14 06:35:13','2026-07-14 06:35:13'),(452,5,'created','App\\Models\\Procurement',4,'Mengajukan barang \"Obeng +\" sebanyak 20.','127.0.0.1','2026-07-14 06:41:09','2026-07-14 06:41:09'),(453,1,'updated','App\\Models\\Procurement',4,'Mengubah status pengajuan #4 menjadi Disetujui.','127.0.0.1','2026-07-14 06:41:32','2026-07-14 06:41:32'),(454,5,'created','App\\Models\\Procurement',5,'Mengajukan barang \"lan\" sebanyak 1.','127.0.0.1','2026-07-14 06:50:40','2026-07-14 06:50:40'),(455,1,'created','App\\Models\\Item',304,'Menambah barang \"Router RB-941\" (jumlah: 12).','127.0.0.1','2026-07-14 06:53:44','2026-07-14 06:53:44'),(456,5,'created','App\\Models\\Procurement',6,'Mengajukan barang \"Router RB-941\" sebanyak 13.','127.0.0.1','2026-07-14 06:55:16','2026-07-14 06:55:16'),(457,5,'created','App\\Models\\Procurement',7,'Mengajukan barang \"Router RB-941\" sebanyak 12.','127.0.0.1','2026-07-14 07:14:14','2026-07-14 07:14:14'),(458,1,'updated','App\\Models\\Procurement',7,'Mengubah status pengajuan #7 menjadi Ditolak.','127.0.0.1','2026-07-14 07:19:00','2026-07-14 07:19:00'),(459,1,'updated','App\\Models\\Procurement',7,'Mengubah status pengajuan #7 menjadi Menunggu.','127.0.0.1','2026-07-14 07:41:34','2026-07-14 07:41:34'),(460,1,'updated','App\\Models\\Procurement',7,'Mengubah status pengajuan #7 menjadi Sudah Dikembalikan.','127.0.0.1','2026-07-14 07:42:47','2026-07-14 07:42:47'),(461,5,'created','App\\Models\\Procurement',8,'Mengajukan barang \"Router RB-941\" sebanyak 10.','127.0.0.1','2026-07-14 07:44:24','2026-07-14 07:44:24'),(462,1,'updated','App\\Models\\Procurement',8,'Mengubah status pengajuan #8 menjadi Disetujui.','127.0.0.1','2026-07-14 07:45:10','2026-07-14 07:45:10'),(463,1,'updated','App\\Models\\Procurement',8,'Mengubah status pengajuan #8 menjadi Sudah Dikembalikan.','127.0.0.1','2026-07-14 07:45:27','2026-07-14 07:45:27'),(464,1,'export',NULL,NULL,'Export peminjaman ke PDF.','127.0.0.1','2026-07-14 08:27:14','2026-07-14 08:27:14'),(465,1,'export',NULL,NULL,'Export peminjaman ke Excel.','127.0.0.1','2026-07-14 08:30:36','2026-07-14 08:30:36'),(466,1,'export',NULL,NULL,'Export peminjaman ke PDF.','127.0.0.1','2026-07-14 08:56:52','2026-07-14 08:56:52'),(467,1,'created','App\\Models\\Repair',1,'Mencatat riwayat perbaikan untuk barang #217.','127.0.0.1','2026-07-14 08:57:50','2026-07-14 08:57:50'),(468,1,'export',NULL,NULL,'Export peminjaman ke Excel.','127.0.0.1','2026-07-14 08:59:40','2026-07-14 08:59:40'),(469,1,'updated','App\\Models\\Procurement',8,'Mengubah status pengajuan #8 menjadi Ditolak.','127.0.0.1','2026-07-14 09:00:26','2026-07-14 09:00:26'),(470,1,'updated','App\\Models\\Procurement',8,'Mengubah status pengajuan #8 menjadi Sudah Dikembalikan.','127.0.0.1','2026-07-14 09:00:28','2026-07-14 09:00:28'),(471,1,'updated','App\\Models\\Category',3,'Mengubah kategori \"Keyboard\".','127.0.0.1','2026-07-14 09:01:15','2026-07-14 09:01:15'),(472,1,'updated','App\\Models\\Category',1,'Mengubah kategori \"Komputer\".','127.0.0.1','2026-07-14 09:01:21','2026-07-14 09:01:21'),(473,1,'updated','App\\Models\\Category',2,'Mengubah kategori \"Monitor\".','127.0.0.1','2026-07-14 09:01:28','2026-07-14 09:01:28'),(474,1,'updated','App\\Models\\Category',4,'Mengubah kategori \"Mouse\".','127.0.0.1','2026-07-14 09:01:34','2026-07-14 09:01:34'),(475,7,'login','App\\Models\\User',7,'Berhasil masuk ke sistem.','127.0.0.1','2026-07-14 09:36:33','2026-07-14 09:36:33'),(476,7,'updated','App\\Models\\Report',12,'Memperbarui status laporan #12 menjadi Selesai.','127.0.0.1','2026-07-14 09:55:11','2026-07-14 09:55:11'),(477,7,'updated','App\\Models\\Report',12,'Memperbarui status laporan #12 menjadi Dilaporkan.','127.0.0.1','2026-07-14 09:55:56','2026-07-14 09:55:56'),(478,7,'created','App\\Models\\Lab',4,'Menambah laboratorium \"aku\".','127.0.0.1','2026-07-14 09:58:59','2026-07-14 09:58:59'),(479,7,'deleted',NULL,NULL,'Menghapus laboratorium \"aku\".','127.0.0.1','2026-07-14 09:59:17','2026-07-14 09:59:17'),(480,1,'login','App\\Models\\User',1,'Berhasil masuk ke sistem.','192.168.1.5','2026-07-15 00:52:26','2026-07-15 00:52:26'),(481,1,'logout','App\\Models\\User',1,'Keluar dari sistem.','192.168.1.5','2026-07-15 00:52:57','2026-07-15 00:52:57'),(482,7,'login','App\\Models\\User',7,'Berhasil masuk ke sistem.','192.168.1.5','2026-07-15 00:53:13','2026-07-15 00:53:13'),(483,7,'logout','App\\Models\\User',7,'Keluar dari sistem.','192.168.1.5','2026-07-15 00:53:18','2026-07-15 00:53:18'),(484,1,'login','App\\Models\\User',1,'Berhasil masuk ke sistem.','127.0.0.1','2026-07-15 02:41:46','2026-07-15 02:41:46'),(485,1,'login','App\\Models\\User',1,'Berhasil masuk ke sistem.','127.0.0.1','2026-07-16 00:39:24','2026-07-16 00:39:24'),(486,5,'login','App\\Models\\User',5,'Berhasil masuk ke sistem.','127.0.0.1','2026-07-16 00:40:00','2026-07-16 00:40:00'),(487,1,'updated','App\\Models\\Item',3,'Mengubah barang \"Keyboard\" (field: status).','127.0.0.1','2026-07-16 00:42:39','2026-07-16 00:42:39'),(488,1,'updated','App\\Models\\Item',3,'Mengubah barang \"Keyboard\" (field: status).','127.0.0.1','2026-07-16 00:42:44','2026-07-16 00:42:44'),(489,5,'created','App\\Models\\Procurement',9,'Mengajukan barang \"Router RB-941\" sebanyak 1.','127.0.0.1','2026-07-16 01:12:57','2026-07-16 01:12:57'),(490,1,'created','App\\Models\\Category',19,'Menambah kategori \"Splicer\".','127.0.0.1','2026-07-16 01:13:26','2026-07-16 01:13:26'),(491,1,'created','App\\Models\\Item',305,'Menambah barang \"Splicer\" (jumlah: 12).','127.0.0.1','2026-07-16 01:14:21','2026-07-16 01:14:21'),(492,5,'created','App\\Models\\Procurement',10,'Mengajukan barang \"Splicer\" sebanyak 11.','127.0.0.1','2026-07-16 01:15:15','2026-07-16 01:15:15'),(493,1,'export',NULL,NULL,'Export peminjaman ke PDF.','127.0.0.1','2026-07-16 01:15:29','2026-07-16 01:15:29'),(494,1,'export',NULL,NULL,'Export peminjaman ke PDF.','127.0.0.1','2026-07-16 01:30:50','2026-07-16 01:30:50'),(495,1,'export',NULL,NULL,'Export peminjaman ke PDF.','127.0.0.1','2026-07-16 01:32:35','2026-07-16 01:32:35'),(496,1,'export',NULL,NULL,'Export peminjaman ke Excel.','127.0.0.1','2026-07-16 01:32:49','2026-07-16 01:32:49'),(497,1,'export',NULL,NULL,'Export peminjaman ke Excel.','127.0.0.1','2026-07-16 01:35:10','2026-07-16 01:35:10'),(498,1,'export',NULL,NULL,'Export peminjaman ke Excel.','127.0.0.1','2026-07-16 01:43:03','2026-07-16 01:43:03'),(499,1,'export',NULL,NULL,'Export peminjaman ke Excel.','127.0.0.1','2026-07-16 01:43:06','2026-07-16 01:43:06'),(500,5,'logout','App\\Models\\User',5,'Keluar dari sistem.','127.0.0.1','2026-07-16 01:57:30','2026-07-16 01:57:30'),(501,1,'login','App\\Models\\User',1,'Berhasil masuk ke sistem.','127.0.0.1','2026-07-16 01:57:34','2026-07-16 01:57:34'),(502,1,'export',NULL,NULL,'Export peminjaman ke Excel.','127.0.0.1','2026-07-16 01:57:38','2026-07-16 01:57:38'),(503,1,'export',NULL,NULL,'Export inventaris ke Excel.','127.0.0.1','2026-07-16 01:59:10','2026-07-16 01:59:10'),(504,1,'export',NULL,NULL,'Export peminjaman ke Excel.','127.0.0.1','2026-07-16 02:03:48','2026-07-16 02:03:48'),(505,1,'logout','App\\Models\\User',1,'Keluar dari sistem.','127.0.0.1','2026-07-16 02:04:26','2026-07-16 02:04:26'),(506,5,'login','App\\Models\\User',5,'Berhasil masuk ke sistem.','127.0.0.1','2026-07-16 02:04:36','2026-07-16 02:04:36'),(507,1,'login','App\\Models\\User',1,'Berhasil masuk ke sistem.','127.0.0.1','2026-07-16 02:05:18','2026-07-16 02:05:18'),(508,5,'created','App\\Models\\Procurement',11,'Mengajukan barang \"Router RB-941\" sebanyak 12.','127.0.0.1','2026-07-16 02:05:48','2026-07-16 02:05:48'),(509,1,'export',NULL,NULL,'Export peminjaman ke Excel.','127.0.0.1','2026-07-16 02:05:50','2026-07-16 02:05:50'),(510,5,'logout','App\\Models\\User',5,'Keluar dari sistem.','127.0.0.1','2026-07-16 02:06:44','2026-07-16 02:06:44'),(511,6,'login','App\\Models\\User',6,'Berhasil masuk ke sistem.','127.0.0.1','2026-07-16 02:06:55','2026-07-16 02:06:55'),(512,6,'created','App\\Models\\Procurement',12,'Mengajukan barang \"Router RB-941\" sebanyak 13.','127.0.0.1','2026-07-16 02:07:22','2026-07-16 02:07:22'),(513,1,'export',NULL,NULL,'Export peminjaman ke Excel.','127.0.0.1','2026-07-16 02:07:41','2026-07-16 02:07:41'),(514,6,'created','App\\Models\\Procurement',13,'Mengajukan barang \"Splicer\" sebanyak 13.','127.0.0.1','2026-07-16 02:08:19','2026-07-16 02:08:19'),(515,1,'export',NULL,NULL,'Export peminjaman ke Excel.','127.0.0.1','2026-07-16 02:08:25','2026-07-16 02:08:25'),(516,1,'export',NULL,NULL,'Export peminjaman ke PDF.','127.0.0.1','2026-07-16 02:10:04','2026-07-16 02:10:04'),(517,1,'export',NULL,NULL,'Export peminjaman ke PDF.','127.0.0.1','2026-07-16 02:25:08','2026-07-16 02:25:08'),(518,1,'export',NULL,NULL,'Export peminjaman ke PDF.','127.0.0.1','2026-07-16 02:26:20','2026-07-16 02:26:20'),(519,1,'export',NULL,NULL,'Export peminjaman ke PDF.','127.0.0.1','2026-07-16 02:29:12','2026-07-16 02:29:12'),(520,1,'export',NULL,NULL,'Export laporan ke PDF.','127.0.0.1','2026-07-16 02:29:50','2026-07-16 02:29:50'),(521,1,'export',NULL,NULL,'Export inventaris ke PDF.','127.0.0.1','2026-07-16 02:30:09','2026-07-16 02:30:09'),(522,1,'export',NULL,NULL,'Export inventaris ke Excel.','127.0.0.1','2026-07-16 02:32:12','2026-07-16 02:32:12'),(523,1,'export',NULL,NULL,'Export inventaris ke PDF.','127.0.0.1','2026-07-16 02:34:28','2026-07-16 02:34:28'),(524,6,'logout','App\\Models\\User',6,'Keluar dari sistem.','127.0.0.1','2026-07-16 02:57:06','2026-07-16 02:57:06'),(525,1,'login','App\\Models\\User',1,'Berhasil masuk ke sistem.','127.0.0.1','2026-07-16 02:57:12','2026-07-16 02:57:12'),(526,1,'export',NULL,NULL,'Export inventaris ke PDF.','127.0.0.1','2026-07-16 02:58:14','2026-07-16 02:58:14'),(527,1,'export',NULL,NULL,'Export inventaris ke PDF.','127.0.0.1','2026-07-16 02:58:31','2026-07-16 02:58:31'),(528,1,'updated','App\\Models\\Item',3,'Mengubah barang \"Keyboard\" (field: status, keterangan).','127.0.0.1','2026-07-16 02:59:59','2026-07-16 02:59:59'),(529,1,'updated','App\\Models\\Item',3,'Mengubah barang \"Keyboard\" (field: status).','127.0.0.1','2026-07-16 03:01:07','2026-07-16 03:01:07'),(530,1,'export',NULL,NULL,'Export inventaris ke PDF.','127.0.0.1','2026-07-16 03:01:16','2026-07-16 03:01:16'),(531,1,'export',NULL,NULL,'Export inventaris ke PDF.','127.0.0.1','2026-07-16 03:12:54','2026-07-16 03:12:54'),(532,1,'login','App\\Models\\User',1,'Berhasil masuk ke sistem.','192.168.1.6','2026-07-16 03:13:18','2026-07-16 03:13:18'),(533,1,'login','App\\Models\\User',1,'Berhasil masuk ke sistem.','127.0.0.1','2026-07-16 04:21:33','2026-07-16 04:21:33'),(534,6,'login','App\\Models\\User',6,'Berhasil masuk ke sistem.','127.0.0.1','2026-07-16 05:38:22','2026-07-16 05:38:22'),(535,1,'login','App\\Models\\User',1,'Berhasil masuk ke sistem.','192.168.1.6','2026-07-16 08:48:14','2026-07-16 08:48:14'),(536,1,'export',NULL,NULL,'Export laporan ke PDF.','192.168.1.6','2026-07-16 08:53:08','2026-07-16 08:53:08'),(537,1,'export',NULL,NULL,'Export inventaris ke PDF.','192.168.1.6','2026-07-16 08:53:24','2026-07-16 08:53:24'),(538,1,'export',NULL,NULL,'Export inventaris ke PDF.','192.168.1.6','2026-07-16 08:54:58','2026-07-16 08:54:58'),(539,1,'export',NULL,NULL,'Export inventaris ke PDF.','192.168.1.6','2026-07-16 08:55:13','2026-07-16 08:55:13'),(540,1,'export',NULL,NULL,'Export inventaris ke PDF.','192.168.1.6','2026-07-16 08:56:02','2026-07-16 08:56:02'),(541,1,'export',NULL,NULL,'Export laporan ke PDF.','192.168.1.6','2026-07-16 08:56:18','2026-07-16 08:56:18'),(542,1,'login','App\\Models\\User',1,'Berhasil masuk ke sistem.','127.0.0.1','2026-07-16 08:56:36','2026-07-16 08:56:36'),(543,1,'export',NULL,NULL,'Export inventaris ke PDF.','127.0.0.1','2026-07-16 08:56:42','2026-07-16 08:56:42'),(544,5,'login','App\\Models\\User',5,'Berhasil masuk ke sistem.','127.0.0.1','2026-07-16 08:57:10','2026-07-16 08:57:10'),(545,5,'logout','App\\Models\\User',5,'Keluar dari sistem.','127.0.0.1','2026-07-16 08:58:43','2026-07-16 08:58:43'),(546,5,'login','App\\Models\\User',5,'Berhasil masuk ke sistem.','127.0.0.1','2026-07-16 08:59:19','2026-07-16 08:59:19'),(547,5,'login','App\\Models\\User',5,'Berhasil masuk ke sistem.','127.0.0.1','2026-07-16 09:22:35','2026-07-16 09:22:35'),(548,5,'login','App\\Models\\User',5,'Berhasil masuk ke sistem.','127.0.0.1','2026-07-16 09:25:16','2026-07-16 09:25:16'),(549,5,'login','App\\Models\\User',5,'Berhasil masuk ke sistem.','127.0.0.1','2026-07-16 09:43:21','2026-07-16 09:43:21'),(550,1,'login','App\\Models\\User',1,'Berhasil masuk ke sistem.','127.0.0.1','2026-07-16 23:47:46','2026-07-16 23:47:46'),(551,1,'login','App\\Models\\User',1,'Berhasil masuk ke sistem.','127.0.0.1','2026-07-16 23:49:32','2026-07-16 23:49:32'),(552,1,'logout','App\\Models\\User',1,'Keluar dari sistem.','127.0.0.1','2026-07-16 23:50:37','2026-07-16 23:50:37'),(553,1,'login','App\\Models\\User',1,'Berhasil masuk ke sistem.','127.0.0.1','2026-07-17 07:08:28','2026-07-17 07:08:28'),(554,1,'created','App\\Models\\Lab',5,'Menambah laboratorium \"laboratorium rois\".','127.0.0.1','2026-07-17 08:22:03','2026-07-17 08:22:03'),(555,1,'created','App\\Models\\LabGroup',20,'Menambah baring rois di laboratorium rois.','127.0.0.1','2026-07-17 08:22:16','2026-07-17 08:22:16'),(556,1,'created','App\\Models\\LabTable',116,'Menambah rois satu pada baring rois.','127.0.0.1','2026-07-17 08:22:22','2026-07-17 08:22:22'),(557,1,'created','App\\Models\\LabTable',117,'Menambah Meja 2 pada baring rois.','127.0.0.1','2026-07-17 08:23:48','2026-07-17 08:23:48'),(558,1,'updated','App\\Models\\LabGroup',20,'Mengubah kelompok di laboratorium rois.','127.0.0.1','2026-07-17 08:23:51','2026-07-17 08:23:51'),(559,1,'created','App\\Models\\Item',306,'Menambah barang \"rois\" (jumlah: 1).','127.0.0.1','2026-07-17 08:24:45','2026-07-17 08:24:45'),(560,1,'export',NULL,NULL,'Export laporan ke PDF.','127.0.0.1','2026-07-17 08:57:28','2026-07-17 08:57:28'),(561,1,'export',NULL,NULL,'Export inventaris ke PDF.','127.0.0.1','2026-07-17 08:58:13','2026-07-17 08:58:13'),(562,6,'login','App\\Models\\User',6,'Berhasil masuk ke sistem.','127.0.0.1','2026-07-20 01:42:02','2026-07-20 01:42:02'),(563,6,'created','App\\Models\\Report',14,'Membuat laporan Barang Rusak untuk barang #145 (jumlah: 1).','127.0.0.1','2026-07-20 01:43:19','2026-07-20 01:43:19'),(564,6,'login','App\\Models\\User',6,'Berhasil masuk ke sistem.','127.0.0.1','2026-07-20 02:02:00','2026-07-20 02:02:00'),(565,6,'created','App\\Models\\Procurement',14,'Mengajukan barang \"Router RB750\" sebanyak 6.','127.0.0.1','2026-07-20 02:03:03','2026-07-20 02:03:03'),(566,1,'login','App\\Models\\User',1,'Berhasil masuk ke sistem.','127.0.0.1','2026-07-20 05:41:03','2026-07-20 05:41:03'),(567,1,'updated','App\\Models\\Procurement',14,'Mengubah status pengajuan #14 menjadi Disetujui.','127.0.0.1','2026-07-20 05:41:42','2026-07-20 05:41:42'),(568,1,'export',NULL,NULL,'Export peminjaman ke PDF.','127.0.0.1','2026-07-20 05:45:04','2026-07-20 05:45:04'),(569,1,'export',NULL,NULL,'Export inventaris ke PDF.','127.0.0.1','2026-07-20 05:46:57','2026-07-20 05:46:57'),(570,1,'login','App\\Models\\User',1,'Berhasil masuk ke sistem.','127.0.0.1','2026-07-20 09:21:06','2026-07-20 09:21:06'),(571,1,'login','App\\Models\\User',1,'Berhasil masuk ke sistem.','127.0.0.1','2026-07-20 09:45:59','2026-07-20 09:45:59'),(572,1,'updated','App\\Models\\Item',153,'Mengubah barang \"PC\" (field: status, keterangan).','127.0.0.1','2026-07-20 09:47:08','2026-07-20 09:47:08'),(573,1,'updated','App\\Models\\Item',185,'Mengubah barang \"PC\" (field: status, keterangan).','127.0.0.1','2026-07-20 09:47:33','2026-07-20 09:47:33'),(574,1,'updated','App\\Models\\Item',193,'Mengubah barang \"PC\" (field: status, keterangan).','127.0.0.1','2026-07-20 09:47:55','2026-07-20 09:47:55'),(575,6,'created','App\\Models\\Report',15,'Membuat laporan Barang Rusak untuk barang #176 (jumlah: 1).','127.0.0.1','2026-07-20 09:49:33','2026-07-20 09:49:33'),(576,1,'login','App\\Models\\User',1,'Berhasil masuk ke sistem.','127.0.0.1','2026-07-20 13:58:02','2026-07-20 13:58:02'),(577,1,'logout','App\\Models\\User',1,'Keluar dari sistem.','127.0.0.1','2026-07-20 14:01:20','2026-07-20 14:01:20'),(578,1,'login','App\\Models\\User',1,'Berhasil masuk ke sistem.','127.0.0.1','2026-07-20 14:17:43','2026-07-20 14:17:43'),(579,5,'login','App\\Models\\User',5,'Berhasil masuk ke sistem.','127.0.0.1','2026-07-21 00:06:14','2026-07-21 00:06:14'),(580,5,'login','App\\Models\\User',5,'Berhasil masuk ke sistem.','127.0.0.1','2026-07-21 00:07:48','2026-07-21 00:07:48'),(581,5,'created','App\\Models\\Report',16,'Membuat laporan Barang Rusak untuk barang #165 (jumlah: 1).','127.0.0.1','2026-07-21 00:09:26','2026-07-21 00:09:26'),(582,5,'created','App\\Models\\Procurement',15,'Mengajukan barang \"Router RB-941\" sebanyak 12.','127.0.0.1','2026-07-21 00:20:41','2026-07-21 00:20:41'),(583,5,'logout','App\\Models\\User',5,'Keluar dari sistem.','127.0.0.1','2026-07-21 00:20:56','2026-07-21 00:20:56'),(584,1,'login','App\\Models\\User',1,'Berhasil masuk ke sistem.','127.0.0.1','2026-07-21 00:21:04','2026-07-21 00:21:04'),(585,1,'updated','App\\Models\\Item',3,'Mengubah barang \"Keyboard\" (field: status).','127.0.0.1','2026-07-21 00:22:37','2026-07-21 00:22:37'),(586,1,'created','App\\Models\\Item',307,'Menambah barang \"keyboard-baru\" (jumlah: 1).','127.0.0.1','2026-07-21 00:23:57','2026-07-21 00:23:57'),(587,1,'deleted','App\\Models\\Item',307,'Menghapus barang \"keyboard-baru\".','127.0.0.1','2026-07-21 00:25:27','2026-07-21 00:25:27'),(588,1,'export',NULL,NULL,'Export inventaris ke PDF.','127.0.0.1','2026-07-21 00:25:48','2026-07-21 00:25:48'),(589,1,'created','App\\Models\\Category',20,'Menambah kategori \"gunting\".','127.0.0.1','2026-07-21 00:27:17','2026-07-21 00:27:17'),(590,1,'updated','App\\Models\\Procurement',15,'Mengubah status pengajuan #15 menjadi Disetujui.','127.0.0.1','2026-07-21 00:31:18','2026-07-21 00:31:18'),(591,1,'export',NULL,NULL,'Export peminjaman ke PDF.','127.0.0.1','2026-07-21 00:38:42','2026-07-21 00:38:42'),(592,1,'deleted','App\\Models\\Item',306,'Menghapus barang \"rois\".','127.0.0.1','2026-07-21 00:39:50','2026-07-21 00:39:50'),(593,1,'deleted','App\\Models\\Category',18,'Menghapus kategori \"Obeng +\".','127.0.0.1','2026-07-21 00:46:00','2026-07-21 00:46:00'),(594,1,'updated','App\\Models\\Item',3,'Mengubah barang \"Keyboard\" (field: status).','127.0.0.1','2026-07-21 00:47:33','2026-07-21 00:47:33'),(595,1,'logout','App\\Models\\User',1,'Keluar dari sistem.','127.0.0.1','2026-07-21 00:48:11','2026-07-21 00:48:11'),(596,5,'login','App\\Models\\User',5,'Berhasil masuk ke sistem.','127.0.0.1','2026-07-21 00:49:05','2026-07-21 00:49:05'),(597,1,'login','App\\Models\\User',1,'Berhasil masuk ke sistem.','127.0.0.1','2026-07-21 01:16:52','2026-07-21 01:16:52'),(598,1,'deleted','App\\Models\\Item',304,'Menghapus barang \"Router RB-941\".','127.0.0.1','2026-07-21 01:17:18','2026-07-21 01:17:18'),(599,1,'deleted','App\\Models\\Item',305,'Menghapus barang \"Splicer\".','127.0.0.1','2026-07-21 01:17:23','2026-07-21 01:17:23'),(600,1,'export',NULL,NULL,'Export inventaris ke PDF.','127.0.0.1','2026-07-21 01:17:26','2026-07-21 01:17:26'),(601,1,'created','App\\Models\\Item',308,'Menambah barang \"keyboard\" (jumlah: 1).','127.0.0.1','2026-07-21 01:17:59','2026-07-21 01:17:59'),(602,1,'export',NULL,NULL,'Export inventaris ke PDF.','127.0.0.1','2026-07-21 01:18:01','2026-07-21 01:18:01'),(603,1,'export',NULL,NULL,'Export inventaris ke PDF.','127.0.0.1','2026-07-21 01:18:06','2026-07-21 01:18:06'),(604,1,'export',NULL,NULL,'Export inventaris ke Excel.','127.0.0.1','2026-07-21 01:18:30','2026-07-21 01:18:30'),(605,1,'login','App\\Models\\User',1,'Berhasil masuk ke sistem.','127.0.0.1','2026-07-21 01:39:38','2026-07-21 01:39:38'),(606,1,'created','App\\Models\\StockAudit',1,'Audit stok \"Mouse\": tercatat 1, fisik 2.','127.0.0.1','2026-07-21 02:37:34','2026-07-21 02:37:34'),(607,1,'updated','App\\Models\\Procurement',14,'Mengubah status pengajuan #14 menjadi Sudah Dikembalikan.','127.0.0.1','2026-07-21 02:39:10','2026-07-21 02:39:10'),(608,1,'logout','App\\Models\\User',1,'Keluar dari sistem.','127.0.0.1','2026-07-21 02:41:01','2026-07-21 02:41:01'),(609,1,'login','App\\Models\\User',1,'Berhasil masuk ke sistem.','127.0.0.1','2026-07-21 02:42:02','2026-07-21 02:42:02'),(610,1,'logout','App\\Models\\User',1,'Keluar dari sistem.','127.0.0.1','2026-07-21 02:42:22','2026-07-21 02:42:22'),(611,7,'login','App\\Models\\User',7,'Berhasil masuk ke sistem.','127.0.0.1','2026-07-21 02:42:30','2026-07-21 02:42:30'),(612,7,'logout','App\\Models\\User',7,'Keluar dari sistem.','127.0.0.1','2026-07-21 02:44:13','2026-07-21 02:44:13'),(613,5,'login','App\\Models\\User',5,'Berhasil masuk ke sistem.','127.0.0.1','2026-07-21 02:44:24','2026-07-21 02:44:24'),(614,1,'login','App\\Models\\User',1,'Berhasil masuk ke sistem.','127.0.0.1','2026-07-21 02:45:46','2026-07-21 02:45:46'),(615,1,'updated','App\\Models\\Report',16,'Memperbarui status laporan #16 menjadi Diproses.','127.0.0.1','2026-07-21 02:45:57','2026-07-21 02:45:57'),(616,1,'logout','App\\Models\\User',1,'Keluar dari sistem.','127.0.0.1','2026-07-21 02:46:14','2026-07-21 02:46:14'),(617,5,'login','App\\Models\\User',5,'Berhasil masuk ke sistem.','127.0.0.1','2026-07-21 02:46:31','2026-07-21 02:46:31'),(618,5,'logout','App\\Models\\User',5,'Keluar dari sistem.','127.0.0.1','2026-07-21 02:46:44','2026-07-21 02:46:44'),(619,1,'login','App\\Models\\User',1,'Berhasil masuk ke sistem.','127.0.0.1','2026-07-21 02:46:49','2026-07-21 02:46:49'),(620,1,'updated','App\\Models\\Report',16,'Memperbarui status laporan #16 menjadi Selesai.','127.0.0.1','2026-07-21 02:47:02','2026-07-21 02:47:02'),(621,1,'logout','App\\Models\\User',1,'Keluar dari sistem.','127.0.0.1','2026-07-21 03:07:17','2026-07-21 03:07:17'),(622,1,'login','App\\Models\\User',1,'Berhasil masuk ke sistem.','127.0.0.1','2026-07-21 03:10:16','2026-07-21 03:10:16'),(623,1,'deleted','App\\Models\\Item',308,'Menghapus barang \"keyboard\".','127.0.0.1','2026-07-21 03:12:49','2026-07-21 03:12:49'),(624,1,'deleted','App\\Models\\Category',16,'Menghapus kategori \"MikroTik\".','127.0.0.1','2026-07-21 03:12:57','2026-07-21 03:12:57'),(625,1,'created','App\\Models\\Item',309,'Menambah barang \"mikrotik RB951UI\" (jumlah: 24).','127.0.0.1','2026-07-21 03:14:00','2026-07-21 03:14:00'),(626,1,'export',NULL,NULL,'Export peminjaman ke PDF.','127.0.0.1','2026-07-21 04:01:33','2026-07-21 04:01:33'),(627,1,'export',NULL,NULL,'Export peminjaman ke PDF.','127.0.0.1','2026-07-21 04:27:19','2026-07-21 04:27:19'),(628,1,'export',NULL,NULL,'Export peminjaman ke PDF.','127.0.0.1','2026-07-21 04:27:21','2026-07-21 04:27:21'),(629,1,'export',NULL,NULL,'Export peminjaman ke PDF.','127.0.0.1','2026-07-21 04:27:22','2026-07-21 04:27:22'),(630,1,'export',NULL,NULL,'Export peminjaman ke PDF.','127.0.0.1','2026-07-21 04:29:07','2026-07-21 04:29:07'),(631,1,'export',NULL,NULL,'Export peminjaman ke PDF.','127.0.0.1','2026-07-21 04:46:35','2026-07-21 04:46:35'),(632,1,'export',NULL,NULL,'Export peminjaman ke Excel.','127.0.0.1','2026-07-21 04:47:07','2026-07-21 04:47:07'),(633,1,'export',NULL,NULL,'Export peminjaman ke Excel.','127.0.0.1','2026-07-21 04:48:26','2026-07-21 04:48:26'),(634,1,'export',NULL,NULL,'Export peminjaman ke PDF.','127.0.0.1','2026-07-21 04:49:37','2026-07-21 04:49:37'),(635,1,'export',NULL,NULL,'Export peminjaman ke PDF.','127.0.0.1','2026-07-21 04:50:11','2026-07-21 04:50:11'),(636,1,'export',NULL,NULL,'Export peminjaman ke Excel.','127.0.0.1','2026-07-21 04:50:52','2026-07-21 04:50:52'),(637,1,'export',NULL,NULL,'Export peminjaman ke PDF.','127.0.0.1','2026-07-21 04:55:40','2026-07-21 04:55:40'),(638,1,'export',NULL,NULL,'Export peminjaman ke Excel.','127.0.0.1','2026-07-21 04:55:41','2026-07-21 04:55:41'),(639,1,'logout','App\\Models\\User',1,'Keluar dari sistem.','127.0.0.1','2026-07-21 05:07:02','2026-07-21 05:07:02'),(640,5,'login','App\\Models\\User',5,'Berhasil masuk ke sistem.','127.0.0.1','2026-07-21 05:07:07','2026-07-21 05:07:07'),(641,5,'logout','App\\Models\\User',5,'Keluar dari sistem.','127.0.0.1','2026-07-21 05:22:23','2026-07-21 05:22:23'),(642,1,'login','App\\Models\\User',1,'Berhasil masuk ke sistem.','127.0.0.1','2026-07-21 05:23:31','2026-07-21 05:23:31'),(643,5,'login','App\\Models\\User',5,'Berhasil masuk ke sistem.','127.0.0.1','2026-07-21 05:59:55','2026-07-21 05:59:55'),(644,1,'deleted',NULL,NULL,'Menghapus meja pada baring rois.','127.0.0.1','2026-07-21 06:07:46','2026-07-21 06:07:46'),(645,1,'deleted',NULL,NULL,'Menghapus meja pada baring rois.','127.0.0.1','2026-07-21 06:07:48','2026-07-21 06:07:48'),(646,1,'deleted',NULL,NULL,'Menghapus kelompok di laboratorium rois.','127.0.0.1','2026-07-21 06:07:57','2026-07-21 06:07:57'),(647,1,'updated','App\\Models\\Report',15,'Memperbarui status laporan #15 menjadi Diproses.','127.0.0.1','2026-07-21 06:08:55','2026-07-21 06:08:55'),(648,6,'login','App\\Models\\User',6,'Berhasil masuk ke sistem.','127.0.0.1','2026-07-21 06:18:40','2026-07-21 06:18:40'),(649,5,'login','App\\Models\\User',5,'Berhasil masuk ke sistem.','127.0.0.1','2026-07-21 06:18:53','2026-07-21 06:18:53'),(650,6,'created','App\\Models\\Procurement',16,'Mengajukan barang \"mikrotik RB951UI\" sebanyak 12.','127.0.0.1','2026-07-21 06:19:16','2026-07-21 06:19:16'),(651,1,'deleted','App\\Models\\Category',8,'Menghapus kategori \"Access Point\".','127.0.0.1','2026-07-21 06:29:04','2026-07-21 06:29:04'),(652,1,'created','App\\Models\\Item',310,'Menambah barang \"lan\" (jumlah: 1).','127.0.0.1','2026-07-21 06:29:37','2026-07-21 06:29:37'),(653,1,'deleted','App\\Models\\Item',310,'Menghapus barang \"lan\".','127.0.0.1','2026-07-21 06:29:58','2026-07-21 06:29:58'),(654,1,'deleted','App\\Models\\Category',20,'Menghapus kategori \"gunting\".','127.0.0.1','2026-07-21 06:30:03','2026-07-21 06:30:03'),(655,1,'deleted','App\\Models\\Category',9,'Menghapus kategori \"Kabel LAN\".','127.0.0.1','2026-07-21 06:30:06','2026-07-21 06:30:06'),(656,1,'deleted','App\\Models\\Category',12,'Menghapus kategori \"LAN Tester\".','127.0.0.1','2026-07-21 06:30:09','2026-07-21 06:30:09'),(657,1,'deleted','App\\Models\\Category',5,'Menghapus kategori \"Printer\".','127.0.0.1','2026-07-21 06:30:13','2026-07-21 06:30:13'),(658,1,'deleted','App\\Models\\Category',13,'Menghapus kategori \"Proyektor\".','127.0.0.1','2026-07-21 06:30:15','2026-07-21 06:30:15'),(659,1,'deleted','App\\Models\\Category',17,'Menghapus kategori \"Rak Server\".','127.0.0.1','2026-07-21 06:30:17','2026-07-21 06:30:17'),(660,1,'deleted','App\\Models\\Category',10,'Menghapus kategori \"RJ45\".','127.0.0.1','2026-07-21 06:30:27','2026-07-21 06:30:27'),(661,1,'deleted','App\\Models\\Category',15,'Menghapus kategori \"Speaker\".','127.0.0.1','2026-07-21 06:30:30','2026-07-21 06:30:30'),(662,1,'deleted','App\\Models\\Category',19,'Menghapus kategori \"Splicer\".','127.0.0.1','2026-07-21 06:30:32','2026-07-21 06:30:32'),(663,1,'deleted','App\\Models\\Category',6,'Menghapus kategori \"Switch\".','127.0.0.1','2026-07-21 06:30:35','2026-07-21 06:30:35'),(664,1,'deleted','App\\Models\\Category',11,'Menghapus kategori \"Tang Crimping\".','127.0.0.1','2026-07-21 06:30:37','2026-07-21 06:30:37'),(665,1,'deleted','App\\Models\\Category',14,'Menghapus kategori \"UPS\".','127.0.0.1','2026-07-21 06:30:39','2026-07-21 06:30:39'),(666,1,'created','App\\Models\\Category',21,'Menambah kategori \"Fiber Optic\".','127.0.0.1','2026-07-21 06:31:03','2026-07-21 06:31:03'),(667,1,'updated','App\\Models\\Item',3,'Mengubah barang \"Keyboard\" (field: category_id).','127.0.0.1','2026-07-21 06:31:15','2026-07-21 06:31:15'),(668,5,'logout','App\\Models\\User',5,'Keluar dari sistem.','127.0.0.1','2026-07-21 06:31:49','2026-07-21 06:31:49'),(669,1,'login','App\\Models\\User',1,'Berhasil masuk ke sistem.','127.0.0.1','2026-07-21 06:32:01','2026-07-21 06:32:01'),(670,1,'updated','App\\Models\\Lab',5,'Mengubah laboratorium \"lab\".','127.0.0.1','2026-07-21 06:37:30','2026-07-21 06:37:30'),(671,1,'deleted','App\\Models\\Category',21,'Menghapus kategori \"Fiber Optic\".','127.0.0.1','2026-07-21 06:43:53','2026-07-21 06:43:53'),(672,1,'export',NULL,NULL,'Export inventaris ke PDF.','127.0.0.1','2026-07-21 06:59:00','2026-07-21 06:59:00'),(673,1,'export',NULL,NULL,'Export inventaris ke PDF.','127.0.0.1','2026-07-21 07:00:58','2026-07-21 07:00:58'),(674,1,'export',NULL,NULL,'Export inventaris ke PDF.','127.0.0.1','2026-07-21 07:11:57','2026-07-21 07:11:57'),(675,1,'export',NULL,NULL,'Export inventaris ke PDF.','127.0.0.1','2026-07-21 07:17:00','2026-07-21 07:17:00'),(676,1,'updated','App\\Models\\Item',3,'Mengubah barang \"Keyboard\" (field: keterangan).','127.0.0.1','2026-07-21 07:18:03','2026-07-21 07:18:03'),(677,1,'deleted','App\\Models\\Category',3,'Menghapus kategori \"Keyboard\".','127.0.0.1','2026-07-21 07:18:22','2026-07-21 07:18:22'),(678,1,'deleted','App\\Models\\Category',2,'Menghapus kategori \"Monitor\".','127.0.0.1','2026-07-21 07:18:25','2026-07-21 07:18:25'),(679,1,'deleted','App\\Models\\Category',4,'Menghapus kategori \"Mouse\".','127.0.0.1','2026-07-21 07:18:27','2026-07-21 07:18:27'),(680,1,'deleted','App\\Models\\Item',309,'Menghapus barang \"mikrotik RB951UI\".','127.0.0.1','2026-07-21 07:19:02','2026-07-21 07:19:02'),(681,1,'deleted','App\\Models\\Category',7,'Menghapus kategori \"Router\".','127.0.0.1','2026-07-21 07:19:07','2026-07-21 07:19:07'),(682,1,'created','App\\Models\\Item',311,'Menambah barang \"test1\" (jumlah: 1).','127.0.0.1','2026-07-21 07:24:24','2026-07-21 07:24:24'),(683,1,'deleted','App\\Models\\Item',311,'Menghapus barang \"test1\".','127.0.0.1','2026-07-21 07:25:57','2026-07-21 07:25:57'),(684,5,'logout','App\\Models\\User',5,'Keluar dari sistem.','127.0.0.1','2026-07-21 07:31:49','2026-07-21 07:31:49'),(685,1,'login','App\\Models\\User',1,'Berhasil masuk ke sistem.','127.0.0.1','2026-07-21 07:32:03','2026-07-21 07:32:03'),(686,1,'created','App\\Models\\Category',22,'Menambah kategori \"test2\".','127.0.0.1','2026-07-21 07:32:52','2026-07-21 07:32:52'),(687,1,'deleted','App\\Models\\Category',22,'Menghapus kategori \"test2\".','127.0.0.1','2026-07-21 07:32:57','2026-07-21 07:32:57'),(688,1,'created','App\\Models\\Lab',6,'Menambah laboratorium \"test3\".','127.0.0.1','2026-07-21 07:36:26','2026-07-21 07:36:26'),(689,1,'deleted',NULL,NULL,'Menghapus laboratorium \"test3\".','127.0.0.1','2026-07-21 07:36:31','2026-07-21 07:36:31'),(690,1,'created','App\\Models\\Lab',7,'Menambah laboratorium \"test3\".','127.0.0.1','2026-07-21 07:37:00','2026-07-21 07:37:00'),(691,1,'created','App\\Models\\LabGroup',21,'Menambah Kelompok 1 di test3.','127.0.0.1','2026-07-21 07:38:44','2026-07-21 07:38:44'),(692,1,'created','App\\Models\\LabTable',118,'Menambah testmeja pada Kelompok 1.','127.0.0.1','2026-07-21 07:38:57','2026-07-21 07:38:57'),(693,1,'created','App\\Models\\Item',312,'Menambah barang \"test1\" (jumlah: 1).','127.0.0.1','2026-07-21 07:39:22','2026-07-21 07:39:22'),(694,1,'deleted',NULL,NULL,'Menghapus meja pada Kelompok 1.','127.0.0.1','2026-07-21 07:39:33','2026-07-21 07:39:33'),(695,1,'deleted',NULL,NULL,'Menghapus kelompok di test3.','127.0.0.1','2026-07-21 07:40:15','2026-07-21 07:40:15'),(696,1,'created','App\\Models\\LabGroup',22,'Menambah testmeja di test3.','127.0.0.1','2026-07-21 07:40:54','2026-07-21 07:40:54'),(697,1,'deleted',NULL,NULL,'Menghapus kelompok di test3.','127.0.0.1','2026-07-21 07:41:16','2026-07-21 07:41:16'),(698,1,'created','App\\Models\\LabGroup',23,'Menambah Kelompok 1 di test3.','127.0.0.1','2026-07-21 07:41:18','2026-07-21 07:41:18'),(699,1,'deleted',NULL,NULL,'Menghapus kelompok di test3.','127.0.0.1','2026-07-21 07:41:24','2026-07-21 07:41:24'),(700,1,'logout','App\\Models\\User',1,'Keluar dari sistem.','127.0.0.1','2026-07-21 07:46:18','2026-07-21 07:46:18'),(701,5,'login','App\\Models\\User',5,'Berhasil masuk ke sistem.','127.0.0.1','2026-07-21 07:46:22','2026-07-21 07:46:22'),(702,5,'created','App\\Models\\Report',17,'Membuat laporan Barang Rusak untuk barang #3 (jumlah: 1).','127.0.0.1','2026-07-21 07:48:21','2026-07-21 07:48:21'),(703,5,'logout','App\\Models\\User',5,'Keluar dari sistem.','127.0.0.1','2026-07-21 07:49:41','2026-07-21 07:49:41'),(704,1,'login','App\\Models\\User',1,'Berhasil masuk ke sistem.','127.0.0.1','2026-07-21 07:49:45','2026-07-21 07:49:45'),(705,5,'login','App\\Models\\User',5,'Berhasil masuk ke sistem.','127.0.0.1','2026-07-21 07:50:22','2026-07-21 07:50:22'),(706,5,'created','App\\Models\\Report',18,'Membuat laporan Barang Rusak untuk barang #3 (jumlah: 1).','127.0.0.1','2026-07-21 07:50:43','2026-07-21 07:50:43'),(707,5,'created','App\\Models\\Report',19,'Membuat laporan Barang Rusak untuk barang #160 (jumlah: 1).','127.0.0.1','2026-07-21 07:54:34','2026-07-21 07:54:34'),(708,5,'created','App\\Models\\Report',20,'Membuat laporan Barang Rusak untuk barang #243 (jumlah: 1).','127.0.0.1','2026-07-21 07:55:00','2026-07-21 07:55:00'),(709,5,'created','App\\Models\\Report',21,'Membuat laporan Barang Rusak untuk barang #171 (jumlah: 1).','127.0.0.1','2026-07-21 07:56:45','2026-07-21 07:56:45'),(710,5,'created','App\\Models\\Report',22,'Membuat laporan Barang Rusak untuk barang #40 (jumlah: 1).','127.0.0.1','2026-07-21 07:58:35','2026-07-21 07:58:35'),(711,5,'created','App\\Models\\Report',23,'Membuat laporan Barang Hilang untuk barang #198 (jumlah: 1).','127.0.0.1','2026-07-21 07:59:34','2026-07-21 07:59:34'),(712,1,'created','App\\Models\\Repair',2,'Mencatat riwayat perbaikan untuk barang #3.','127.0.0.1','2026-07-21 08:03:22','2026-07-21 08:03:22'),(713,1,'updated','App\\Models\\Item',3,'Mengubah barang \"Keyboard\" (field: status).','127.0.0.1','2026-07-21 08:03:22','2026-07-21 08:03:22'),(714,5,'created','App\\Models\\Procurement',17,'Mengajukan barang \"Keyboard\" sebanyak 1.','127.0.0.1','2026-07-21 08:05:20','2026-07-21 08:05:20'),(715,1,'updated','App\\Models\\Procurement',16,'Mengubah status pengajuan #16 menjadi Disetujui.','127.0.0.1','2026-07-21 08:06:00','2026-07-21 08:06:00'),(716,1,'updated','App\\Models\\Procurement',17,'Mengubah status pengajuan #17 menjadi Disetujui.','127.0.0.1','2026-07-21 08:06:19','2026-07-21 08:06:19'),(717,1,'updated','App\\Models\\Procurement',17,'Mengubah status pengajuan #17 menjadi Menunggu.','127.0.0.1','2026-07-21 08:06:24','2026-07-21 08:06:24'),(718,1,'updated','App\\Models\\Procurement',17,'Mengubah status pengajuan #17 menjadi Disetujui.','127.0.0.1','2026-07-21 08:06:26','2026-07-21 08:06:26'),(719,1,'created','App\\Models\\StockAudit',2,'Audit stok \"Keyboard\": tercatat 1, fisik 12.','127.0.0.1','2026-07-21 08:10:55','2026-07-21 08:10:55'),(720,1,'created','App\\Models\\Category',23,'Menambah kategori \"Fiber Optic\".','127.0.0.1','2026-07-21 08:13:26','2026-07-21 08:13:26'),(721,1,'deleted','App\\Models\\Item',312,'Menghapus barang \"test1\".','127.0.0.1','2026-07-21 08:14:30','2026-07-21 08:14:30'),(722,1,'updated','App\\Models\\Item',3,'Mengubah barang \"Keyboard\" (field: status).','127.0.0.1','2026-07-21 08:14:36','2026-07-21 08:14:36'),(723,1,'deleted',NULL,NULL,'Menghapus laboratorium \"test3\".','127.0.0.1','2026-07-21 08:14:40','2026-07-21 08:14:40'),(724,1,'deleted',NULL,NULL,'Menghapus meja pada Lemari 1 (F3-01).','127.0.0.1','2026-07-21 08:14:47','2026-07-21 08:14:47'),(725,1,'deleted',NULL,NULL,'Menghapus meja pada Lemari 1 (F3-01).','127.0.0.1','2026-07-21 08:14:49','2026-07-21 08:14:49'),(726,1,'created','App\\Models\\LabTable',119,'Menambah Meja 5 pada Lemari 1 (F3-01).','127.0.0.1','2026-07-21 08:15:00','2026-07-21 08:15:00'),(727,1,'deleted',NULL,NULL,'Menghapus meja pada Lemari 1 (F3-01).','127.0.0.1','2026-07-21 08:15:02','2026-07-21 08:15:02'),(728,1,'deleted',NULL,NULL,'Menghapus meja pada Lemari 2.','127.0.0.1','2026-07-21 08:15:07','2026-07-21 08:15:07'),(729,1,'deleted',NULL,NULL,'Menghapus meja pada Lemari 2.','127.0.0.1','2026-07-21 08:15:09','2026-07-21 08:15:09'),(730,1,'deleted',NULL,NULL,'Menghapus meja pada Lemari 3.','127.0.0.1','2026-07-21 08:15:13','2026-07-21 08:15:13'),(731,1,'deleted',NULL,NULL,'Menghapus meja pada Lemari 3.','127.0.0.1','2026-07-21 08:15:16','2026-07-21 08:15:16'),(732,1,'deleted',NULL,NULL,'Menghapus meja pada Lemari 4.','127.0.0.1','2026-07-21 08:15:42','2026-07-21 08:15:42'),(733,1,'deleted',NULL,NULL,'Menghapus meja pada Lemari 4.','127.0.0.1','2026-07-21 08:15:46','2026-07-21 08:15:46'),(734,1,'deleted',NULL,NULL,'Menghapus meja pada Lemari 5.','127.0.0.1','2026-07-21 08:15:53','2026-07-21 08:15:53'),(735,1,'deleted',NULL,NULL,'Menghapus meja pada Lemari 5.','127.0.0.1','2026-07-21 08:15:57','2026-07-21 08:15:57'),(736,1,'deleted',NULL,NULL,'Menghapus meja pada Lemari 6.','127.0.0.1','2026-07-21 08:16:05','2026-07-21 08:16:05'),(737,1,'deleted',NULL,NULL,'Menghapus meja pada Lemari 6.','127.0.0.1','2026-07-21 08:16:08','2026-07-21 08:16:08'),(738,1,'deleted',NULL,NULL,'Menghapus meja pada Lemari 7.','127.0.0.1','2026-07-21 08:16:12','2026-07-21 08:16:12'),(739,1,'deleted',NULL,NULL,'Menghapus meja pada Lemari 6.','127.0.0.1','2026-07-21 08:16:16','2026-07-21 08:16:16'),(740,1,'created','App\\Models\\LabTable',120,'Menambah Meja 4 pada Lemari 6.','127.0.0.1','2026-07-21 08:16:19','2026-07-21 08:16:19'),(741,1,'deleted',NULL,NULL,'Menghapus meja pada Lemari 7.','127.0.0.1','2026-07-21 08:16:22','2026-07-21 08:16:22'),(742,1,'created','App\\Models\\LabGroup',24,'Menambah Kelompok 8 di TEFA.','127.0.0.1','2026-07-21 08:16:48','2026-07-21 08:16:48'),(743,1,'created','App\\Models\\LabTable',121,'Menambah Rak 2 pada Kelompok 8.','127.0.0.1','2026-07-21 08:21:44','2026-07-21 08:21:44'),(744,1,'deleted',NULL,NULL,'Menghapus meja pada Kelompok 8.','127.0.0.1','2026-07-21 08:22:01','2026-07-21 08:22:01'),(745,1,'created','App\\Models\\LabTable',122,'Menambah Rak 1 pada Kelompok 8.','127.0.0.1','2026-07-21 08:22:07','2026-07-21 08:22:07'),(746,6,'login','App\\Models\\User',6,'Berhasil masuk ke sistem.','127.0.0.1','2026-07-21 09:31:48','2026-07-21 09:31:48'),(747,6,'logout','App\\Models\\User',6,'Keluar dari sistem.','127.0.0.1','2026-07-21 09:32:05','2026-07-21 09:32:05'),(748,1,'login','App\\Models\\User',1,'Berhasil masuk ke sistem.','127.0.0.1','2026-07-21 09:32:13','2026-07-21 09:32:13'),(749,1,'updated','App\\Models\\Item',261,'Mengubah barang \"PC\" (field: status).','127.0.0.1','2026-07-21 09:33:13','2026-07-21 09:33:13'),(750,1,'updated','App\\Models\\Item',249,'Mengubah barang \"PC\" (field: status).','127.0.0.1','2026-07-21 09:33:44','2026-07-21 09:33:44'),(751,6,'login','App\\Models\\User',6,'Berhasil masuk ke sistem.','127.0.0.1','2026-07-22 02:28:59','2026-07-22 02:28:59'),(752,1,'login','App\\Models\\User',1,'Berhasil masuk ke sistem.','127.0.0.1','2026-07-22 03:20:55','2026-07-22 03:20:55'),(753,1,'login','App\\Models\\User',1,'Berhasil masuk ke sistem.','127.0.0.1','2026-07-22 09:46:55','2026-07-22 09:46:55'),(754,1,'updated','App\\Models\\Item',100,'Mengubah barang \"Mouse\" (field: status).','127.0.0.1','2026-07-22 09:47:57','2026-07-22 09:47:57'),(755,1,'login','App\\Models\\User',1,'Berhasil masuk ke sistem.','127.0.0.1','2026-07-23 03:20:06','2026-07-23 03:20:06'),(756,1,'logout','App\\Models\\User',1,'Keluar dari sistem.','127.0.0.1','2026-07-23 03:20:23','2026-07-23 03:20:23'),(757,1,'login','App\\Models\\User',1,'Berhasil masuk ke sistem.','127.0.0.1','2026-07-23 13:06:40','2026-07-23 13:06:40'),(758,1,'login','App\\Models\\User',1,'Berhasil masuk ke sistem.','127.0.0.1','2026-07-23 13:23:10','2026-07-23 13:23:10'),(759,1,'login','App\\Models\\User',1,'Berhasil masuk ke sistem.','127.0.0.1','2026-07-24 03:11:47','2026-07-24 03:11:47'),(760,1,'logout','App\\Models\\User',1,'Keluar dari sistem.','127.0.0.1','2026-07-24 03:13:01','2026-07-24 03:13:01'),(761,5,'login','App\\Models\\User',5,'Berhasil masuk ke sistem.','127.0.0.1','2026-07-24 03:13:21','2026-07-24 03:13:21'),(762,5,'logout','App\\Models\\User',5,'Keluar dari sistem.','127.0.0.1','2026-07-24 03:13:34','2026-07-24 03:13:34'),(763,1,'login','App\\Models\\User',1,'Berhasil masuk ke sistem.','127.0.0.1','2026-07-24 03:13:44','2026-07-24 03:13:44'),(764,1,'logout','App\\Models\\User',1,'Keluar dari sistem.','127.0.0.1','2026-07-24 03:16:06','2026-07-24 03:16:06'),(765,8,'login','App\\Models\\User',8,'Berhasil masuk ke sistem.','127.0.0.1','2026-07-24 03:16:12','2026-07-24 03:16:12'),(766,8,'logout','App\\Models\\User',8,'Keluar dari sistem.','127.0.0.1','2026-07-24 03:16:20','2026-07-24 03:16:20'),(767,9,'login','App\\Models\\User',9,'Berhasil masuk ke sistem.','127.0.0.1','2026-07-24 03:16:26','2026-07-24 03:16:26'),(768,9,'logout','App\\Models\\User',9,'Keluar dari sistem.','127.0.0.1','2026-07-24 03:16:29','2026-07-24 03:16:29'),(769,7,'login','App\\Models\\User',7,'Berhasil masuk ke sistem.','127.0.0.1','2026-07-24 03:16:38','2026-07-24 03:16:38'),(770,7,'logout','App\\Models\\User',7,'Keluar dari sistem.','127.0.0.1','2026-07-24 03:17:12','2026-07-24 03:17:12'),(771,9,'login','App\\Models\\User',9,'Berhasil masuk ke sistem.','127.0.0.1','2026-07-24 03:17:20','2026-07-24 03:17:20'),(772,9,'logout','App\\Models\\User',9,'Keluar dari sistem.','127.0.0.1','2026-07-24 03:17:29','2026-07-24 03:17:29'),(773,8,'login','App\\Models\\User',8,'Berhasil masuk ke sistem.','127.0.0.1','2026-07-24 03:17:36','2026-07-24 03:17:36'),(774,8,'logout','App\\Models\\User',8,'Keluar dari sistem.','127.0.0.1','2026-07-24 03:17:51','2026-07-24 03:17:51'),(775,1,'login','App\\Models\\User',1,'Berhasil masuk ke sistem.','127.0.0.1','2026-07-24 03:17:55','2026-07-24 03:17:55'),(776,1,'logout','App\\Models\\User',1,'Keluar dari sistem.','127.0.0.1','2026-07-24 03:18:01','2026-07-24 03:18:01'),(777,1,'login','App\\Models\\User',1,'Berhasil masuk ke sistem.','127.0.0.1','2026-07-24 05:37:37','2026-07-24 05:37:37'),(778,9,'login','App\\Models\\User',9,'Berhasil masuk ke sistem.','127.0.0.1','2026-07-24 07:28:08','2026-07-24 07:28:08'),(779,9,'logout','App\\Models\\User',9,'Keluar dari sistem.','127.0.0.1','2026-07-24 07:36:33','2026-07-24 07:36:33'),(780,8,'login','App\\Models\\User',8,'Berhasil masuk ke sistem.','127.0.0.1','2026-07-24 07:36:43','2026-07-24 07:36:43'),(781,8,'logout','App\\Models\\User',8,'Keluar dari sistem.','127.0.0.1','2026-07-24 08:09:52','2026-07-24 08:09:52'),(782,5,'login','App\\Models\\User',5,'Berhasil masuk ke sistem.','127.0.0.1','2026-07-24 08:10:32','2026-07-24 08:10:32'),(783,9,'login','App\\Models\\User',9,'Berhasil masuk ke sistem.','127.0.0.1','2026-07-24 08:28:14','2026-07-24 08:28:14'),(784,1,'login','App\\Models\\User',1,'Berhasil masuk ke sistem.','127.0.0.1','2026-07-24 08:28:22','2026-07-24 08:28:22'),(785,1,'login','App\\Models\\User',1,'Berhasil masuk ke sistem.','127.0.0.1','2026-07-24 08:28:47','2026-07-24 08:28:47'),(786,6,'login','App\\Models\\User',6,'Berhasil masuk ke sistem.','127.0.0.1','2026-07-24 08:30:38','2026-07-24 08:30:38'),(787,9,'created','App\\Models\\Report',24,'Membuat laporan Barang Hilang untuk barang #3 (jumlah: 1).','127.0.0.1','2026-07-24 08:33:27','2026-07-24 08:33:27'),(788,9,'logout','App\\Models\\User',9,'Keluar dari sistem.','127.0.0.1','2026-07-24 08:38:18','2026-07-24 08:38:18'),(789,8,'login','App\\Models\\User',8,'Berhasil masuk ke sistem.','127.0.0.1','2026-07-24 08:38:27','2026-07-24 08:38:27'),(790,8,'updated','App\\Models\\Item',3,'Mengubah barang \"Keyboard\" (field: status, keterangan).','127.0.0.1','2026-07-24 08:40:14','2026-07-24 08:40:14'),(791,8,'export',NULL,NULL,'Export inventaris ke PDF.','127.0.0.1','2026-07-24 08:40:43','2026-07-24 08:40:43'),(792,1,'export',NULL,NULL,'Export inventaris ke PDF.','127.0.0.1','2026-07-24 08:40:51','2026-07-24 08:40:51'),(793,8,'created','App\\Models\\Item',313,'Menambah barang \"Spicer\" (jumlah: 1).','127.0.0.1','2026-07-24 08:43:59','2026-07-24 08:43:59'),(794,8,'created','App\\Models\\Lab',8,'Menambah laboratorium \"LAB D\".','127.0.0.1','2026-07-24 08:45:01','2026-07-24 08:45:01'),(795,8,'updated','App\\Models\\Report',24,'Memperbarui status laporan #24 menjadi Diproses.','127.0.0.1','2026-07-24 08:46:31','2026-07-24 08:46:31'),(796,8,'created','App\\Models\\StockAudit',3,'Audit stok \"Keyboard\": tercatat 1, fisik 2.','127.0.0.1','2026-07-24 08:48:19','2026-07-24 08:48:19'),(797,5,'logout','App\\Models\\User',5,'Keluar dari sistem.','127.0.0.1','2026-07-24 09:46:32','2026-07-24 09:46:32'),(798,1,'login','App\\Models\\User',1,'Berhasil masuk ke sistem.','127.0.0.1','2026-07-24 09:46:39','2026-07-24 09:46:39'),(799,1,'updated','App\\Models\\Item',157,'Mengubah barang \"PC\" (field: status).','127.0.0.1','2026-07-24 09:47:00','2026-07-24 09:47:00'),(800,1,'updated','App\\Models\\Item',8,'Mengubah barang \"Mouse\" (field: status).','127.0.0.1','2026-07-24 10:33:51','2026-07-24 10:33:51'),(801,1,'updated','App\\Models\\Item',3,'Mengubah barang \"Keyboard\" (field: status).','127.0.0.1','2026-07-24 10:34:04','2026-07-24 10:34:04'),(802,1,'updated','App\\Models\\Item',3,'Mengubah barang \"Keyboard\" (field: keterangan).','127.0.0.1','2026-07-24 10:34:11','2026-07-24 10:34:11'),(803,5,'login','App\\Models\\User',5,'Berhasil masuk ke sistem.','127.0.0.1','2026-07-24 13:20:48','2026-07-24 13:20:48');
/*!40000 ALTER TABLE `activity_logs` ENABLE KEYS */;
UNLOCK TABLES;

--
-- Table structure for table `cache`
--

DROP TABLE IF EXISTS `cache`;
/*!40101 SET @saved_cs_client     = @@character_set_client */;
/*!40101 SET character_set_client = utf8mb4 */;
CREATE TABLE `cache` (
  `key` varchar(191) NOT NULL,
  `value` mediumtext NOT NULL,
  `expiration` int(11) NOT NULL,
  PRIMARY KEY (`key`)
) ENGINE=InnoDB DEFAULT CHARSET=utf8mb4 COLLATE=utf8mb4_unicode_ci;
/*!40101 SET character_set_client = @saved_cs_client */;

--
-- Dumping data for table `cache`
--

LOCK TABLES `cache` WRITE;
/*!40000 ALTER TABLE `cache` DISABLE KEYS */;
/*!40000 ALTER TABLE `cache` ENABLE KEYS */;
UNLOCK TABLES;

--
-- Table structure for table `cache_locks`
--

DROP TABLE IF EXISTS `cache_locks`;
/*!40101 SET @saved_cs_client     = @@character_set_client */;
/*!40101 SET character_set_client = utf8mb4 */;
CREATE TABLE `cache_locks` (
  `key` varchar(191) NOT NULL,
  `owner` varchar(191) NOT NULL,
  `expiration` int(11) NOT NULL,
  PRIMARY KEY (`key`)
) ENGINE=InnoDB DEFAULT CHARSET=utf8mb4 COLLATE=utf8mb4_unicode_ci;
/*!40101 SET character_set_client = @saved_cs_client */;

--
-- Dumping data for table `cache_locks`
--

LOCK TABLES `cache_locks` WRITE;
/*!40000 ALTER TABLE `cache_locks` DISABLE KEYS */;
/*!40000 ALTER TABLE `cache_locks` ENABLE KEYS */;
UNLOCK TABLES;

--
-- Table structure for table `categories`
--

DROP TABLE IF EXISTS `categories`;
/*!40101 SET @saved_cs_client     = @@character_set_client */;
/*!40101 SET character_set_client = utf8mb4 */;
CREATE TABLE `categories` (
  `id` bigint(20) unsigned NOT NULL AUTO_INCREMENT,
  `nama` varchar(191) NOT NULL,
  `deskripsi` varchar(191) DEFAULT NULL,
  `created_at` timestamp NULL DEFAULT NULL,
  `updated_at` timestamp NULL DEFAULT NULL,
  `deleted_at` timestamp NULL DEFAULT NULL,
  PRIMARY KEY (`id`),
  UNIQUE KEY `categories_nama_unique` (`nama`)
) ENGINE=InnoDB AUTO_INCREMENT=24 DEFAULT CHARSET=utf8mb4 COLLATE=utf8mb4_unicode_ci;
/*!40101 SET character_set_client = @saved_cs_client */;

--
-- Dumping data for table `categories`
--

LOCK TABLES `categories` WRITE;
/*!40000 ALTER TABLE `categories` DISABLE KEYS */;
INSERT INTO `categories` VALUES (1,'Komputer',NULL,'2026-07-13 03:03:08','2026-07-14 09:01:21',NULL),(23,'Fiber Optic','semua bahan/alat','2026-07-21 08:13:26','2026-07-21 08:13:26',NULL);
/*!40000 ALTER TABLE `categories` ENABLE KEYS */;
UNLOCK TABLES;

--
-- Table structure for table `failed_jobs`
--

DROP TABLE IF EXISTS `failed_jobs`;
/*!40101 SET @saved_cs_client     = @@character_set_client */;
/*!40101 SET character_set_client = utf8mb4 */;
CREATE TABLE `failed_jobs` (
  `id` bigint(20) unsigned NOT NULL AUTO_INCREMENT,
  `uuid` varchar(191) NOT NULL,
  `connection` text NOT NULL,
  `queue` text NOT NULL,
  `payload` longtext NOT NULL,
  `exception` longtext NOT NULL,
  `failed_at` timestamp NOT NULL DEFAULT current_timestamp(),
  PRIMARY KEY (`id`),
  UNIQUE KEY `failed_jobs_uuid_unique` (`uuid`)
) ENGINE=InnoDB DEFAULT CHARSET=utf8mb4 COLLATE=utf8mb4_unicode_ci;
/*!40101 SET character_set_client = @saved_cs_client */;

--
-- Dumping data for table `failed_jobs`
--

LOCK TABLES `failed_jobs` WRITE;
/*!40000 ALTER TABLE `failed_jobs` DISABLE KEYS */;
/*!40000 ALTER TABLE `failed_jobs` ENABLE KEYS */;
UNLOCK TABLES;

--
-- Table structure for table `items`
--

DROP TABLE IF EXISTS `items`;
/*!40101 SET @saved_cs_client     = @@character_set_client */;
/*!40101 SET character_set_client = utf8mb4 */;
CREATE TABLE `items` (
  `id` bigint(20) unsigned NOT NULL AUTO_INCREMENT,
  `nama` varchar(191) NOT NULL,
  `category_id` bigint(20) unsigned NOT NULL,
  `lab_id` bigint(20) unsigned NOT NULL,
  `lab_table_id` bigint(20) unsigned DEFAULT NULL,
  `jumlah_total` int(10) unsigned NOT NULL DEFAULT 0,
  `status` enum('baik','rusak','hilang','perbaikan') NOT NULL DEFAULT 'baik',
  `keterangan` text DEFAULT NULL,
  `created_at` timestamp NULL DEFAULT NULL,
  `updated_at` timestamp NULL DEFAULT NULL,
  `deleted_at` timestamp NULL DEFAULT NULL,
  PRIMARY KEY (`id`),
  KEY `items_category_id_foreign` (`category_id`),
  KEY `items_lab_table_id_foreign` (`lab_table_id`),
  KEY `items_lab_id_category_id_index` (`lab_id`,`category_id`),
  KEY `items_nama_index` (`nama`),
  KEY `items_status_index` (`status`),
  CONSTRAINT `items_category_id_foreign` FOREIGN KEY (`category_id`) REFERENCES `categories` (`id`),
  CONSTRAINT `items_lab_id_foreign` FOREIGN KEY (`lab_id`) REFERENCES `labs` (`id`),
  CONSTRAINT `items_lab_table_id_foreign` FOREIGN KEY (`lab_table_id`) REFERENCES `lab_tables` (`id`) ON DELETE SET NULL
) ENGINE=InnoDB AUTO_INCREMENT=314 DEFAULT CHARSET=utf8mb4 COLLATE=utf8mb4_unicode_ci;
/*!40101 SET character_set_client = @saved_cs_client */;

--
-- Dumping data for table `items`
--

LOCK TABLES `items` WRITE;
/*!40000 ALTER TABLE `items` DISABLE KEYS */;
INSERT INTO `items` VALUES (1,'PC',1,1,1,1,'baik',NULL,'2026-07-13 03:03:08','2026-07-13 03:03:08',NULL),(2,'Monitor',1,1,1,1,'baik',NULL,'2026-07-13 03:03:08','2026-07-13 03:03:08',NULL),(3,'Keyboard',1,1,1,1,'baik',NULL,'2026-07-13 03:03:08','2026-07-24 10:34:11',NULL),(4,'Mouse',1,1,1,1,'baik',NULL,'2026-07-13 03:03:08','2026-07-13 03:03:08',NULL),(5,'PC',1,1,2,1,'baik',NULL,'2026-07-13 03:03:08','2026-07-13 03:03:08',NULL),(6,'Monitor',1,1,2,1,'baik',NULL,'2026-07-13 03:03:08','2026-07-13 03:03:08',NULL),(7,'Keyboard',1,1,2,1,'baik',NULL,'2026-07-13 03:03:08','2026-07-13 03:03:08',NULL),(8,'Mouse',1,1,2,1,'hilang',NULL,'2026-07-13 03:03:08','2026-07-24 10:33:51',NULL),(9,'PC',1,1,3,1,'baik',NULL,'2026-07-13 03:03:08','2026-07-13 03:03:08',NULL),(10,'Monitor',1,1,3,1,'baik',NULL,'2026-07-13 03:03:08','2026-07-13 03:03:08',NULL),(11,'Keyboard',1,1,3,1,'baik',NULL,'2026-07-13 03:03:08','2026-07-13 03:03:08',NULL),(12,'Mouse',1,1,3,1,'baik',NULL,'2026-07-13 03:03:08','2026-07-13 03:03:08',NULL),(13,'PC',1,1,4,1,'baik',NULL,'2026-07-13 03:03:09','2026-07-13 03:03:09',NULL),(14,'Monitor',1,1,4,1,'baik',NULL,'2026-07-13 03:03:09','2026-07-13 03:03:09',NULL),(15,'Keyboard',1,1,4,1,'baik',NULL,'2026-07-13 03:03:09','2026-07-13 03:03:09',NULL),(16,'Mouse',1,1,4,1,'baik',NULL,'2026-07-13 03:03:09','2026-07-13 03:03:09',NULL),(17,'PC',1,1,5,1,'baik',NULL,'2026-07-13 03:03:09','2026-07-13 03:03:09',NULL),(18,'Monitor',1,1,5,1,'baik',NULL,'2026-07-13 03:03:09','2026-07-13 03:03:09',NULL),(19,'Keyboard',1,1,5,1,'baik',NULL,'2026-07-13 03:03:09','2026-07-13 03:03:09',NULL),(20,'Mouse',1,1,5,1,'baik',NULL,'2026-07-13 03:03:09','2026-07-13 03:03:09',NULL),(21,'PC',1,1,6,1,'baik',NULL,'2026-07-13 03:03:09','2026-07-13 03:03:09',NULL),(22,'Monitor',1,1,6,1,'baik',NULL,'2026-07-13 03:03:09','2026-07-13 03:03:09',NULL),(23,'Keyboard',1,1,6,1,'baik',NULL,'2026-07-13 03:03:09','2026-07-13 03:03:09',NULL),(24,'Mouse',1,1,6,1,'baik',NULL,'2026-07-13 03:03:09','2026-07-13 03:03:09',NULL),(25,'PC',1,1,7,1,'baik',NULL,'2026-07-13 03:03:09','2026-07-13 03:03:09',NULL),(26,'Monitor',1,1,7,1,'baik',NULL,'2026-07-13 03:03:09','2026-07-13 03:03:09',NULL),(27,'Keyboard',1,1,7,1,'baik',NULL,'2026-07-13 03:03:09','2026-07-13 03:03:09',NULL),(28,'Mouse',1,1,7,1,'baik',NULL,'2026-07-13 03:03:09','2026-07-13 03:03:09',NULL),(29,'PC',1,1,8,1,'baik',NULL,'2026-07-13 03:03:09','2026-07-13 03:03:09',NULL),(30,'Monitor',1,1,8,1,'baik',NULL,'2026-07-13 03:03:09','2026-07-13 03:03:09',NULL),(31,'Keyboard',1,1,8,1,'baik',NULL,'2026-07-13 03:03:09','2026-07-13 03:03:09',NULL),(32,'Mouse',1,1,8,1,'baik',NULL,'2026-07-13 03:03:09','2026-07-13 03:03:09',NULL),(33,'PC',1,1,9,1,'baik',NULL,'2026-07-13 03:03:09','2026-07-13 03:03:09',NULL),(34,'Monitor',1,1,9,1,'baik',NULL,'2026-07-13 03:03:09','2026-07-13 03:03:09',NULL),(35,'Keyboard',1,1,9,1,'baik',NULL,'2026-07-13 03:03:09','2026-07-13 03:03:09',NULL),(36,'Mouse',1,1,9,1,'baik',NULL,'2026-07-13 03:03:09','2026-07-13 03:03:09',NULL),(37,'PC',1,1,10,1,'baik',NULL,'2026-07-13 03:03:09','2026-07-13 03:03:09',NULL),(38,'Monitor',1,1,10,1,'baik',NULL,'2026-07-13 03:03:09','2026-07-13 03:03:09',NULL),(39,'Keyboard',1,1,10,1,'baik',NULL,'2026-07-13 03:03:09','2026-07-13 03:03:09',NULL),(40,'Mouse',1,1,10,1,'rusak',NULL,'2026-07-13 03:03:09','2026-07-13 07:34:30',NULL),(41,'PC',1,1,11,1,'baik',NULL,'2026-07-13 03:03:09','2026-07-13 03:03:09',NULL),(42,'Monitor',1,1,11,1,'baik',NULL,'2026-07-13 03:03:09','2026-07-13 03:03:09',NULL),(43,'Keyboard',1,1,11,1,'baik',NULL,'2026-07-13 03:03:09','2026-07-13 03:03:09',NULL),(44,'Mouse',1,1,11,1,'baik',NULL,'2026-07-13 03:03:09','2026-07-13 03:03:09',NULL),(45,'PC',1,1,12,1,'baik',NULL,'2026-07-13 03:03:09','2026-07-13 03:03:09',NULL),(46,'Monitor',1,1,12,1,'baik',NULL,'2026-07-13 03:03:09','2026-07-13 03:03:09',NULL),(47,'Keyboard',1,1,12,1,'baik',NULL,'2026-07-13 03:03:09','2026-07-13 03:03:09',NULL),(48,'Mouse',1,1,12,1,'baik',NULL,'2026-07-13 03:03:09','2026-07-13 03:03:09',NULL),(49,'PC',1,1,13,1,'baik',NULL,'2026-07-13 03:03:09','2026-07-13 03:03:09',NULL),(50,'Monitor',1,1,13,1,'baik',NULL,'2026-07-13 03:03:09','2026-07-13 03:03:09',NULL),(51,'Keyboard',1,1,13,1,'baik',NULL,'2026-07-13 03:03:09','2026-07-13 03:03:09',NULL),(52,'Mouse',1,1,13,1,'baik',NULL,'2026-07-13 03:03:09','2026-07-13 03:03:09',NULL),(53,'PC',1,1,14,1,'baik',NULL,'2026-07-13 03:03:09','2026-07-13 03:03:09',NULL),(54,'Monitor',1,1,14,1,'baik',NULL,'2026-07-13 03:03:09','2026-07-13 03:03:09',NULL),(55,'Keyboard',1,1,14,1,'baik',NULL,'2026-07-13 03:03:09','2026-07-13 03:03:09',NULL),(56,'Mouse',1,1,14,1,'baik',NULL,'2026-07-13 03:03:10','2026-07-13 03:03:10',NULL),(57,'PC',1,1,15,1,'baik',NULL,'2026-07-13 03:03:10','2026-07-13 03:03:10',NULL),(58,'Monitor',1,1,15,1,'baik',NULL,'2026-07-13 03:03:10','2026-07-13 03:03:10',NULL),(59,'Keyboard',1,1,15,1,'baik',NULL,'2026-07-13 03:03:10','2026-07-13 03:03:10',NULL),(60,'Mouse',1,1,15,1,'baik',NULL,'2026-07-13 03:03:10','2026-07-13 03:03:10',NULL),(61,'PC',1,1,16,1,'baik',NULL,'2026-07-13 03:03:10','2026-07-13 03:03:10',NULL),(62,'Monitor',1,1,16,1,'baik',NULL,'2026-07-13 03:03:10','2026-07-13 03:03:10',NULL),(63,'Keyboard',1,1,16,1,'baik',NULL,'2026-07-13 03:03:10','2026-07-13 03:03:10',NULL),(64,'Mouse',1,1,16,1,'baik',NULL,'2026-07-13 03:03:10','2026-07-13 03:03:10',NULL),(65,'PC',1,1,17,1,'baik',NULL,'2026-07-13 03:03:10','2026-07-13 03:03:10',NULL),(66,'Monitor',1,1,17,1,'baik',NULL,'2026-07-13 03:03:10','2026-07-13 03:03:10',NULL),(67,'Keyboard',1,1,17,1,'baik',NULL,'2026-07-13 03:03:10','2026-07-13 03:03:10',NULL),(68,'Mouse',1,1,17,1,'baik',NULL,'2026-07-13 03:03:10','2026-07-13 03:03:10',NULL),(69,'PC',1,1,18,1,'baik',NULL,'2026-07-13 03:03:10','2026-07-13 03:03:10',NULL),(70,'Monitor',1,1,18,1,'baik',NULL,'2026-07-13 03:03:10','2026-07-13 03:03:10',NULL),(71,'Keyboard',1,1,18,1,'baik',NULL,'2026-07-13 03:03:10','2026-07-13 03:03:10',NULL),(72,'Mouse',1,1,18,1,'baik',NULL,'2026-07-13 03:03:10','2026-07-13 03:03:10',NULL),(73,'PC',1,1,19,1,'baik',NULL,'2026-07-13 03:03:10','2026-07-13 03:03:10',NULL),(74,'Monitor',1,1,19,1,'baik',NULL,'2026-07-13 03:03:10','2026-07-13 03:03:10',NULL),(75,'Keyboard',1,1,19,1,'baik',NULL,'2026-07-13 03:03:10','2026-07-13 03:03:10',NULL),(76,'Mouse',1,1,19,1,'baik',NULL,'2026-07-13 03:03:10','2026-07-13 03:03:10',NULL),(77,'PC',1,1,20,1,'baik',NULL,'2026-07-13 03:03:10','2026-07-13 03:03:10',NULL),(78,'Monitor',1,1,20,1,'baik',NULL,'2026-07-13 03:03:10','2026-07-13 03:03:10',NULL),(79,'Keyboard',1,1,20,1,'baik',NULL,'2026-07-13 03:03:10','2026-07-13 03:03:10',NULL),(80,'Mouse',1,1,20,1,'baik',NULL,'2026-07-13 03:03:10','2026-07-13 03:03:10',NULL),(81,'PC',1,1,21,1,'baik',NULL,'2026-07-13 03:03:10','2026-07-13 03:03:10',NULL),(82,'Monitor',1,1,21,1,'baik',NULL,'2026-07-13 03:03:10','2026-07-13 03:03:10',NULL),(83,'Keyboard',1,1,21,1,'baik',NULL,'2026-07-13 03:03:10','2026-07-13 03:03:10',NULL),(84,'Mouse',1,1,21,1,'baik',NULL,'2026-07-13 03:03:10','2026-07-13 03:03:10',NULL),(85,'PC',1,1,22,1,'baik',NULL,'2026-07-13 03:03:10','2026-07-13 03:03:10',NULL),(86,'Monitor',1,1,22,1,'baik',NULL,'2026-07-13 03:03:10','2026-07-13 03:03:10',NULL),(87,'Keyboard',1,1,22,1,'baik',NULL,'2026-07-13 03:03:10','2026-07-13 03:03:10',NULL),(88,'Mouse',1,1,22,1,'baik',NULL,'2026-07-13 03:03:10','2026-07-13 03:03:10',NULL),(89,'PC',1,1,23,1,'baik',NULL,'2026-07-13 03:03:10','2026-07-13 03:03:10',NULL),(90,'Monitor',1,1,23,1,'baik',NULL,'2026-07-13 03:03:10','2026-07-13 03:03:10',NULL),(91,'Keyboard',1,1,23,1,'baik',NULL,'2026-07-13 03:03:10','2026-07-13 03:03:10',NULL),(92,'Mouse',1,1,23,1,'baik',NULL,'2026-07-13 03:03:10','2026-07-13 03:03:10',NULL),(93,'PC',1,1,24,1,'baik',NULL,'2026-07-13 03:03:11','2026-07-13 03:03:11',NULL),(94,'Monitor',1,1,24,1,'baik',NULL,'2026-07-13 03:03:11','2026-07-13 03:03:11',NULL),(95,'Keyboard',1,1,24,1,'baik',NULL,'2026-07-13 03:03:11','2026-07-13 03:03:11',NULL),(96,'Mouse',1,1,24,1,'baik',NULL,'2026-07-13 03:03:11','2026-07-13 03:03:11',NULL),(97,'PC',1,1,25,1,'baik',NULL,'2026-07-13 03:03:11','2026-07-13 03:03:11',NULL),(98,'Monitor',1,1,25,1,'baik',NULL,'2026-07-13 03:03:11','2026-07-13 03:03:11',NULL),(99,'Keyboard',1,1,25,1,'baik',NULL,'2026-07-13 03:03:11','2026-07-13 03:03:11',NULL),(100,'Mouse',1,1,25,1,'baik',NULL,'2026-07-13 03:03:11','2026-07-22 09:47:57',NULL),(101,'PC',1,1,26,1,'baik',NULL,'2026-07-13 03:03:11','2026-07-13 03:03:11',NULL),(102,'Monitor',1,1,26,1,'baik',NULL,'2026-07-13 03:03:11','2026-07-13 03:03:11',NULL),(103,'Keyboard',1,1,26,1,'baik',NULL,'2026-07-13 03:03:11','2026-07-13 03:03:11',NULL),(104,'Mouse',1,1,26,1,'baik',NULL,'2026-07-13 03:03:11','2026-07-13 03:03:11',NULL),(105,'PC',1,1,27,1,'baik',NULL,'2026-07-13 03:03:11','2026-07-13 03:03:11',NULL),(106,'Monitor',1,1,27,1,'baik',NULL,'2026-07-13 03:03:11','2026-07-13 03:03:11',NULL),(107,'Keyboard',1,1,27,1,'baik',NULL,'2026-07-13 03:03:11','2026-07-13 03:03:11',NULL),(108,'Mouse',1,1,27,1,'baik',NULL,'2026-07-13 03:03:11','2026-07-13 03:03:11',NULL),(109,'PC',1,1,28,1,'baik',NULL,'2026-07-13 03:03:11','2026-07-13 03:03:11',NULL),(110,'Monitor',1,1,28,1,'baik',NULL,'2026-07-13 03:03:11','2026-07-13 03:03:11',NULL),(111,'Keyboard',1,1,28,1,'baik',NULL,'2026-07-13 03:03:11','2026-07-13 03:03:11',NULL),(112,'Mouse',1,1,28,1,'baik',NULL,'2026-07-13 03:03:11','2026-07-13 03:03:11',NULL),(113,'PC',1,1,29,1,'baik',NULL,'2026-07-13 03:03:11','2026-07-13 03:03:11',NULL),(114,'Monitor',1,1,29,1,'baik',NULL,'2026-07-13 03:03:11','2026-07-13 03:03:11',NULL),(115,'Keyboard',1,1,29,1,'baik',NULL,'2026-07-13 03:03:11','2026-07-13 03:03:11',NULL),(116,'Mouse',1,1,29,1,'baik',NULL,'2026-07-13 03:03:11','2026-07-13 03:03:11',NULL),(117,'PC',1,1,30,1,'baik',NULL,'2026-07-13 03:03:11','2026-07-13 03:03:11',NULL),(118,'Monitor',1,1,30,1,'baik',NULL,'2026-07-13 03:03:11','2026-07-13 03:03:11',NULL),(119,'Keyboard',1,1,30,1,'baik',NULL,'2026-07-13 03:03:11','2026-07-13 03:03:11',NULL),(120,'Mouse',1,1,30,1,'baik',NULL,'2026-07-13 03:03:11','2026-07-13 03:03:11',NULL),(121,'PC',1,1,31,1,'baik',NULL,'2026-07-13 03:03:11','2026-07-13 03:03:11',NULL),(122,'Monitor',1,1,31,1,'baik',NULL,'2026-07-13 03:03:11','2026-07-13 03:03:11',NULL),(123,'Keyboard',1,1,31,1,'baik',NULL,'2026-07-13 03:03:11','2026-07-13 03:03:11',NULL),(124,'Mouse',1,1,31,1,'baik',NULL,'2026-07-13 03:03:11','2026-07-13 03:03:11',NULL),(125,'PC',1,1,32,1,'baik',NULL,'2026-07-13 03:03:11','2026-07-13 03:03:11',NULL),(126,'Monitor',1,1,32,1,'baik',NULL,'2026-07-13 03:03:11','2026-07-13 03:03:11',NULL),(127,'Keyboard',1,1,32,1,'baik',NULL,'2026-07-13 03:03:11','2026-07-13 03:03:11',NULL),(128,'Mouse',1,1,32,1,'baik',NULL,'2026-07-13 03:03:11','2026-07-13 03:03:11',NULL),(129,'PC',1,1,33,1,'baik',NULL,'2026-07-13 03:03:11','2026-07-13 03:03:11',NULL),(130,'Monitor',1,1,33,1,'baik',NULL,'2026-07-13 03:03:11','2026-07-13 03:03:11',NULL),(131,'Keyboard',1,1,33,1,'baik',NULL,'2026-07-13 03:03:11','2026-07-13 03:03:11',NULL),(132,'Mouse',1,1,33,1,'baik',NULL,'2026-07-13 03:03:11','2026-07-13 03:03:11',NULL),(133,'PC',1,1,34,1,'baik',NULL,'2026-07-13 03:03:11','2026-07-13 03:03:11',NULL),(134,'Monitor',1,1,34,1,'baik',NULL,'2026-07-13 03:03:12','2026-07-13 03:03:12',NULL),(135,'Keyboard',1,1,34,1,'baik',NULL,'2026-07-13 03:03:12','2026-07-13 03:03:12',NULL),(136,'Mouse',1,1,34,1,'baik',NULL,'2026-07-13 03:03:12','2026-07-13 03:03:12',NULL),(137,'PC',1,1,35,1,'baik',NULL,'2026-07-13 03:03:12','2026-07-13 03:03:12',NULL),(138,'Monitor',1,1,35,1,'baik',NULL,'2026-07-13 03:03:12','2026-07-13 03:03:12',NULL),(139,'Keyboard',1,1,35,1,'baik',NULL,'2026-07-13 03:03:12','2026-07-13 03:03:12',NULL),(140,'Mouse',1,1,35,1,'baik',NULL,'2026-07-13 03:03:12','2026-07-13 03:03:12',NULL),(141,'PC',1,1,36,1,'baik',NULL,'2026-07-13 03:03:12','2026-07-13 03:03:12',NULL),(142,'Monitor',1,1,36,1,'baik',NULL,'2026-07-13 03:03:12','2026-07-13 03:03:12',NULL),(143,'Keyboard',1,1,36,1,'baik',NULL,'2026-07-13 03:03:12','2026-07-13 03:03:12',NULL),(144,'Mouse',1,1,36,1,'baik',NULL,'2026-07-13 03:03:12','2026-07-13 03:03:12',NULL),(145,'PC',1,2,37,1,'baik',NULL,'2026-07-13 03:03:12','2026-07-13 03:03:12',NULL),(146,'Monitor',1,2,37,1,'baik',NULL,'2026-07-13 03:03:12','2026-07-13 03:03:12',NULL),(147,'Keyboard',1,2,37,1,'baik',NULL,'2026-07-13 03:03:12','2026-07-13 03:03:12',NULL),(148,'Mouse',1,2,37,1,'baik',NULL,'2026-07-13 03:03:12','2026-07-13 03:03:12',NULL),(149,'PC',1,2,38,1,'baik',NULL,'2026-07-13 03:03:12','2026-07-13 03:03:12',NULL),(150,'Monitor',1,2,38,1,'baik',NULL,'2026-07-13 03:03:12','2026-07-13 03:03:12',NULL),(151,'Keyboard',1,2,38,1,'baik',NULL,'2026-07-13 03:03:12','2026-07-13 03:03:12',NULL),(152,'Mouse',1,2,38,1,'baik',NULL,'2026-07-13 03:03:12','2026-07-13 03:03:12',NULL),(153,'PC',1,2,39,1,'baik',NULL,'2026-07-13 03:03:12','2026-07-20 09:47:08',NULL),(154,'Monitor',1,2,39,1,'baik',NULL,'2026-07-13 03:03:12','2026-07-13 03:03:12',NULL),(155,'Keyboard',1,2,39,1,'baik',NULL,'2026-07-13 03:03:12','2026-07-13 03:03:12',NULL),(156,'Mouse',1,2,39,1,'baik',NULL,'2026-07-13 03:03:12','2026-07-13 07:36:05',NULL),(157,'PC',1,2,40,1,'baik','black screen','2026-07-13 03:03:12','2026-07-24 09:47:00',NULL),(158,'Monitor',1,2,40,1,'baik',NULL,'2026-07-13 03:03:12','2026-07-13 03:03:12',NULL),(159,'Keyboard',1,2,40,1,'baik',NULL,'2026-07-13 03:03:12','2026-07-13 03:03:12',NULL),(160,'Mouse',1,2,40,1,'baik',NULL,'2026-07-13 03:03:12','2026-07-13 03:03:12',NULL),(161,'PC',1,2,41,1,'baik',NULL,'2026-07-13 03:03:12','2026-07-13 03:03:12',NULL),(162,'Monitor',1,2,41,1,'baik',NULL,'2026-07-13 03:03:12','2026-07-13 03:03:12',NULL),(163,'Keyboard',1,2,41,1,'baik',NULL,'2026-07-13 03:03:12','2026-07-13 03:03:12',NULL),(164,'Mouse',1,2,41,1,'baik',NULL,'2026-07-13 03:03:12','2026-07-13 03:03:12',NULL),(165,'PC',1,2,42,1,'baik','Stuck bios','2026-07-13 03:03:12','2026-07-13 07:25:30',NULL),(166,'Monitor',1,2,42,1,'baik',NULL,'2026-07-13 03:03:12','2026-07-13 03:03:12',NULL),(167,'Keyboard',1,2,42,1,'baik',NULL,'2026-07-13 03:03:12','2026-07-13 03:03:12',NULL),(168,'Mouse',1,2,42,1,'baik',NULL,'2026-07-13 03:03:12','2026-07-13 03:03:12',NULL),(169,'PC',1,2,43,1,'baik',NULL,'2026-07-13 03:03:13','2026-07-13 03:03:13',NULL),(170,'Monitor',1,2,43,1,'baik',NULL,'2026-07-13 03:03:13','2026-07-13 03:03:13',NULL),(171,'Keyboard',1,2,43,1,'baik',NULL,'2026-07-13 03:03:13','2026-07-13 03:03:13',NULL),(172,'Mouse',1,2,43,1,'baik',NULL,'2026-07-13 03:03:13','2026-07-13 03:03:13',NULL),(173,'PC',1,2,44,1,'baik',NULL,'2026-07-13 03:03:13','2026-07-13 03:03:13',NULL),(174,'Monitor',1,2,44,1,'baik',NULL,'2026-07-13 03:03:13','2026-07-13 03:03:13',NULL),(175,'Keyboard',1,2,44,1,'baik',NULL,'2026-07-13 03:03:13','2026-07-13 03:03:13',NULL),(176,'Mouse',1,2,44,1,'baik',NULL,'2026-07-13 03:03:13','2026-07-13 03:03:13',NULL),(177,'PC',1,2,45,1,'baik','Black screen','2026-07-13 03:03:13','2026-07-13 07:26:32',NULL),(178,'Monitor',1,2,45,1,'baik',NULL,'2026-07-13 03:03:13','2026-07-13 03:03:13',NULL),(179,'Keyboard',1,2,45,1,'baik',NULL,'2026-07-13 03:03:13','2026-07-13 03:03:13',NULL),(180,'Mouse',1,2,45,1,'baik',NULL,'2026-07-13 03:03:13','2026-07-13 03:03:13',NULL),(181,'PC',1,2,46,1,'rusak','Os','2026-07-13 03:03:13','2026-07-13 07:58:12',NULL),(182,'Monitor',1,2,46,1,'baik',NULL,'2026-07-13 03:03:13','2026-07-13 03:03:13',NULL),(183,'Keyboard',1,2,46,1,'baik',NULL,'2026-07-13 03:03:13','2026-07-13 03:03:13',NULL),(184,'Mouse',1,2,46,1,'baik',NULL,'2026-07-13 03:03:13','2026-07-13 03:03:13',NULL),(185,'PC',1,2,47,1,'baik',NULL,'2026-07-13 03:03:13','2026-07-20 09:47:33',NULL),(186,'Monitor',1,2,47,1,'baik',NULL,'2026-07-13 03:03:13','2026-07-13 03:03:13',NULL),(187,'Keyboard',1,2,47,1,'baik',NULL,'2026-07-13 03:03:13','2026-07-13 03:03:13',NULL),(188,'Mouse',1,2,47,1,'baik',NULL,'2026-07-13 03:03:13','2026-07-13 03:03:13',NULL),(189,'PC',1,2,48,1,'baik',NULL,'2026-07-13 03:03:13','2026-07-13 03:03:13',NULL),(190,'Monitor',1,2,48,1,'baik',NULL,'2026-07-13 03:03:13','2026-07-13 03:03:13',NULL),(191,'Keyboard',1,2,48,1,'baik',NULL,'2026-07-13 03:03:13','2026-07-13 03:03:13',NULL),(192,'Mouse',1,2,48,1,'baik',NULL,'2026-07-13 03:03:13','2026-07-13 03:03:13',NULL),(193,'PC',1,2,49,1,'baik',NULL,'2026-07-13 03:03:13','2026-07-20 09:47:55',NULL),(194,'Monitor',1,2,49,1,'baik',NULL,'2026-07-13 03:03:13','2026-07-13 03:03:13',NULL),(195,'Keyboard',1,2,49,1,'baik',NULL,'2026-07-13 03:03:13','2026-07-13 03:03:13',NULL),(196,'Mouse',1,2,49,1,'baik',NULL,'2026-07-13 03:03:13','2026-07-13 03:03:13',NULL),(197,'PC',1,2,50,1,'baik',NULL,'2026-07-13 03:03:13','2026-07-13 03:03:13',NULL),(198,'Monitor',1,2,50,1,'baik',NULL,'2026-07-13 03:03:13','2026-07-13 03:03:13',NULL),(199,'Keyboard',1,2,50,1,'baik',NULL,'2026-07-13 03:03:13','2026-07-13 03:03:13',NULL),(200,'Mouse',1,2,50,1,'baik',NULL,'2026-07-13 03:03:13','2026-07-13 03:03:13',NULL),(201,'PC',1,2,51,1,'baik',NULL,'2026-07-13 03:03:14','2026-07-13 03:03:14',NULL),(202,'Monitor',1,2,51,1,'baik',NULL,'2026-07-13 03:03:14','2026-07-13 03:03:14',NULL),(203,'Keyboard',1,2,51,1,'baik',NULL,'2026-07-13 03:03:14','2026-07-13 03:03:14',NULL),(204,'Mouse',1,2,51,1,'baik',NULL,'2026-07-13 03:03:14','2026-07-13 03:03:14',NULL),(205,'PC',1,2,52,1,'baik',NULL,'2026-07-13 03:03:14','2026-07-13 03:03:14',NULL),(206,'Monitor',1,2,52,1,'baik',NULL,'2026-07-13 03:03:14','2026-07-13 03:03:14',NULL),(207,'Keyboard',1,2,52,1,'baik',NULL,'2026-07-13 03:03:14','2026-07-13 03:03:14',NULL),(208,'Mouse',1,2,52,1,'baik',NULL,'2026-07-13 03:03:14','2026-07-13 03:03:14',NULL),(209,'PC',1,2,53,1,'baik',NULL,'2026-07-13 03:03:14','2026-07-13 03:03:14',NULL),(210,'Monitor',1,2,53,1,'baik',NULL,'2026-07-13 03:03:14','2026-07-13 03:03:14',NULL),(211,'Keyboard',1,2,53,1,'baik',NULL,'2026-07-13 03:03:14','2026-07-13 03:03:14',NULL),(212,'Mouse',1,2,53,1,'baik',NULL,'2026-07-13 03:03:14','2026-07-13 03:03:14',NULL),(213,'PC',1,2,54,1,'baik',NULL,'2026-07-13 03:03:14','2026-07-13 03:03:14',NULL),(214,'Monitor',1,2,54,1,'baik',NULL,'2026-07-13 03:03:14','2026-07-13 03:03:14',NULL),(215,'Keyboard',1,2,54,1,'baik',NULL,'2026-07-13 03:03:14','2026-07-13 03:03:14',NULL),(216,'Mouse',1,2,54,1,'baik',NULL,'2026-07-13 03:03:14','2026-07-13 03:03:14',NULL),(217,'PC',1,2,55,1,'baik',NULL,'2026-07-13 03:03:14','2026-07-13 07:33:38',NULL),(218,'Monitor',1,2,55,1,'baik',NULL,'2026-07-13 03:03:14','2026-07-13 03:03:14',NULL),(219,'Keyboard',1,2,55,1,'baik',NULL,'2026-07-13 03:03:14','2026-07-13 03:03:14',NULL),(220,'Mouse',1,2,55,1,'baik',NULL,'2026-07-13 03:03:14','2026-07-13 03:03:14',NULL),(221,'PC',1,2,56,1,'baik',NULL,'2026-07-13 03:03:14','2026-07-13 03:03:14',NULL),(222,'Monitor',1,2,56,1,'baik',NULL,'2026-07-13 03:03:14','2026-07-13 03:03:14',NULL),(223,'Keyboard',1,2,56,1,'baik',NULL,'2026-07-13 03:03:14','2026-07-13 03:03:14',NULL),(224,'Mouse',1,2,56,1,'baik',NULL,'2026-07-13 03:03:14','2026-07-13 03:03:14',NULL),(225,'PC',1,2,57,1,'baik',NULL,'2026-07-13 03:03:14','2026-07-13 03:03:14',NULL),(226,'Monitor',1,2,57,1,'baik',NULL,'2026-07-13 03:03:14','2026-07-13 03:03:14',NULL),(227,'Keyboard',1,2,57,1,'baik',NULL,'2026-07-13 03:03:14','2026-07-13 03:03:14',NULL),(228,'Mouse',1,2,57,1,'baik',NULL,'2026-07-13 03:03:14','2026-07-13 03:03:14',NULL),(229,'PC',1,2,58,1,'baik',NULL,'2026-07-13 03:03:14','2026-07-13 03:03:14',NULL),(230,'Monitor',1,2,58,1,'baik',NULL,'2026-07-13 03:03:14','2026-07-13 03:03:14',NULL),(231,'Keyboard',1,2,58,1,'baik',NULL,'2026-07-13 03:03:14','2026-07-13 03:03:14',NULL),(232,'Mouse',1,2,58,1,'baik',NULL,'2026-07-13 03:03:14','2026-07-13 03:03:14',NULL),(233,'PC',1,2,59,1,'baik',NULL,'2026-07-13 03:03:14','2026-07-13 03:03:14',NULL),(234,'Monitor',1,2,59,1,'baik',NULL,'2026-07-13 03:03:14','2026-07-13 03:03:14',NULL),(235,'Keyboard',1,2,59,1,'baik',NULL,'2026-07-13 03:03:14','2026-07-13 03:03:14',NULL),(236,'Mouse',1,2,59,1,'baik',NULL,'2026-07-13 03:03:14','2026-07-13 03:03:14',NULL),(237,'PC',1,2,60,1,'baik','Black screen','2026-07-13 03:03:14','2026-07-13 07:29:23',NULL),(238,'Monitor',1,2,60,1,'baik',NULL,'2026-07-13 03:03:14','2026-07-13 03:03:14',NULL),(239,'Keyboard',1,2,60,1,'baik',NULL,'2026-07-13 03:03:14','2026-07-13 03:03:14',NULL),(240,'Mouse',1,2,60,1,'baik',NULL,'2026-07-13 03:03:14','2026-07-13 03:03:14',NULL),(241,'PC',1,2,61,1,'baik','Black screen','2026-07-13 03:03:14','2026-07-13 07:19:55',NULL),(242,'Monitor',1,2,61,1,'baik',NULL,'2026-07-13 03:03:14','2026-07-13 03:03:14',NULL),(243,'Keyboard',1,2,61,1,'baik',NULL,'2026-07-13 03:03:14','2026-07-13 03:03:14',NULL),(244,'Mouse',1,2,61,1,'baik',NULL,'2026-07-13 03:03:15','2026-07-13 03:03:15',NULL),(245,'PC',1,2,62,1,'baik',NULL,'2026-07-13 03:03:15','2026-07-13 03:03:15',NULL),(246,'Monitor',1,2,62,1,'baik',NULL,'2026-07-13 03:03:15','2026-07-13 03:03:15',NULL),(247,'Keyboard',1,2,62,1,'baik',NULL,'2026-07-13 03:03:15','2026-07-13 03:03:15',NULL),(248,'Mouse',1,2,62,1,'baik',NULL,'2026-07-13 03:03:15','2026-07-13 03:03:15',NULL),(249,'PC',1,2,63,1,'baik','Black screen','2026-07-13 03:03:15','2026-07-21 09:33:44',NULL),(250,'Monitor',1,2,63,1,'baik',NULL,'2026-07-13 03:03:15','2026-07-13 03:03:15',NULL),(251,'Keyboard',1,2,63,1,'baik',NULL,'2026-07-13 03:03:15','2026-07-13 03:03:15',NULL),(252,'Mouse',1,2,63,1,'baik',NULL,'2026-07-13 03:03:15','2026-07-13 03:03:15',NULL),(253,'PC',1,2,64,1,'baik',NULL,'2026-07-13 03:03:15','2026-07-13 03:03:15',NULL),(254,'Monitor',1,2,64,1,'baik',NULL,'2026-07-13 03:03:15','2026-07-13 03:03:15',NULL),(255,'Keyboard',1,2,64,1,'baik',NULL,'2026-07-13 03:03:15','2026-07-13 03:03:15',NULL),(256,'Mouse',1,2,64,1,'baik',NULL,'2026-07-13 03:03:15','2026-07-13 03:03:15',NULL),(257,'PC',1,2,65,1,'baik',NULL,'2026-07-13 03:03:15','2026-07-13 03:03:15',NULL),(258,'Monitor',1,2,65,1,'baik',NULL,'2026-07-13 03:03:15','2026-07-13 03:03:15',NULL),(259,'Keyboard',1,2,65,1,'baik',NULL,'2026-07-13 03:03:15','2026-07-13 03:03:15',NULL),(260,'Mouse',1,2,65,1,'baik',NULL,'2026-07-13 03:03:15','2026-07-13 03:03:15',NULL),(261,'PC',1,2,66,1,'baik','Os','2026-07-13 03:03:15','2026-07-21 09:33:13',NULL),(262,'Monitor',1,2,66,1,'baik',NULL,'2026-07-13 03:03:15','2026-07-13 03:03:15',NULL),(263,'Keyboard',1,2,66,1,'baik',NULL,'2026-07-13 03:03:15','2026-07-13 03:03:15',NULL),(264,'Mouse',1,2,66,1,'baik',NULL,'2026-07-13 03:03:15','2026-07-13 03:03:15',NULL),(265,'PC',1,2,67,1,'baik',NULL,'2026-07-13 03:03:15','2026-07-13 03:03:15',NULL),(266,'Monitor',1,2,67,1,'baik',NULL,'2026-07-13 03:03:15','2026-07-13 03:03:15',NULL),(267,'Keyboard',1,2,67,1,'baik',NULL,'2026-07-13 03:03:15','2026-07-13 03:03:15',NULL),(268,'Mouse',1,2,67,1,'baik',NULL,'2026-07-13 03:03:15','2026-07-13 03:03:15',NULL),(269,'PC',1,2,68,1,'baik',NULL,'2026-07-13 03:03:15','2026-07-13 03:03:15',NULL),(270,'Monitor',1,2,68,1,'baik',NULL,'2026-07-13 03:03:15','2026-07-13 03:03:15',NULL),(271,'Keyboard',1,2,68,1,'baik',NULL,'2026-07-13 03:03:15','2026-07-13 03:03:15',NULL),(272,'Mouse',1,2,68,1,'baik',NULL,'2026-07-13 03:03:15','2026-07-13 03:03:15',NULL),(273,'PC',1,2,69,1,'baik',NULL,'2026-07-13 03:03:15','2026-07-13 03:03:15',NULL),(274,'Monitor',1,2,69,1,'baik',NULL,'2026-07-13 03:03:15','2026-07-13 03:03:15',NULL),(275,'Keyboard',1,2,69,1,'baik',NULL,'2026-07-13 03:03:15','2026-07-13 03:03:15',NULL),(276,'Mouse',1,2,69,1,'baik',NULL,'2026-07-13 03:03:15','2026-07-13 03:03:15',NULL),(277,'PC',1,2,70,1,'baik',NULL,'2026-07-13 03:03:15','2026-07-13 03:03:15',NULL),(278,'Monitor',1,2,70,1,'baik',NULL,'2026-07-13 03:03:15','2026-07-13 03:03:15',NULL),(279,'Keyboard',1,2,70,1,'baik',NULL,'2026-07-13 03:03:15','2026-07-13 03:03:15',NULL),(280,'Mouse',1,2,70,1,'baik',NULL,'2026-07-13 03:03:16','2026-07-13 03:03:16',NULL),(281,'PC',1,2,71,1,'baik',NULL,'2026-07-13 03:03:16','2026-07-13 03:03:16',NULL),(282,'Monitor',1,2,71,1,'baik',NULL,'2026-07-13 03:03:16','2026-07-13 03:03:16',NULL),(283,'Keyboard',1,2,71,1,'baik',NULL,'2026-07-13 03:03:16','2026-07-13 03:03:16',NULL),(284,'Mouse',1,2,71,1,'baik',NULL,'2026-07-13 03:03:16','2026-07-13 03:03:16',NULL),(285,'PC',1,2,72,1,'baik',NULL,'2026-07-13 03:03:16','2026-07-13 03:03:16',NULL),(286,'Monitor',1,2,72,1,'baik',NULL,'2026-07-13 03:03:16','2026-07-13 07:42:29',NULL),(287,'Keyboard',1,2,72,1,'baik',NULL,'2026-07-13 03:03:16','2026-07-13 03:03:16',NULL),(288,'Mouse',1,2,72,1,'baik',NULL,'2026-07-13 03:03:16','2026-07-13 03:03:16',NULL),(313,'Spicer',23,3,73,1,'baik',NULL,'2026-07-24 08:43:59','2026-07-24 08:43:59',NULL);
/*!40000 ALTER TABLE `items` ENABLE KEYS */;
UNLOCK TABLES;

--
-- Table structure for table `job_batches`
--

DROP TABLE IF EXISTS `job_batches`;
/*!40101 SET @saved_cs_client     = @@character_set_client */;
/*!40101 SET character_set_client = utf8mb4 */;
CREATE TABLE `job_batches` (
  `id` varchar(191) NOT NULL,
  `name` varchar(191) NOT NULL,
  `total_jobs` int(11) NOT NULL,
  `pending_jobs` int(11) NOT NULL,
  `failed_jobs` int(11) NOT NULL,
  `failed_job_ids` longtext NOT NULL,
  `options` mediumtext DEFAULT NULL,
  `cancelled_at` int(11) DEFAULT NULL,
  `created_at` int(11) NOT NULL,
  `finished_at` int(11) DEFAULT NULL,
  PRIMARY KEY (`id`)
) ENGINE=InnoDB DEFAULT CHARSET=utf8mb4 COLLATE=utf8mb4_unicode_ci;
/*!40101 SET character_set_client = @saved_cs_client */;

--
-- Dumping data for table `job_batches`
--

LOCK TABLES `job_batches` WRITE;
/*!40000 ALTER TABLE `job_batches` DISABLE KEYS */;
/*!40000 ALTER TABLE `job_batches` ENABLE KEYS */;
UNLOCK TABLES;

--
-- Table structure for table `jobs`
--

DROP TABLE IF EXISTS `jobs`;
/*!40101 SET @saved_cs_client     = @@character_set_client */;
/*!40101 SET character_set_client = utf8mb4 */;
CREATE TABLE `jobs` (
  `id` bigint(20) unsigned NOT NULL AUTO_INCREMENT,
  `queue` varchar(191) NOT NULL,
  `payload` longtext NOT NULL,
  `attempts` tinyint(3) unsigned NOT NULL,
  `reserved_at` int(10) unsigned DEFAULT NULL,
  `available_at` int(10) unsigned NOT NULL,
  `created_at` int(10) unsigned NOT NULL,
  PRIMARY KEY (`id`),
  KEY `jobs_queue_index` (`queue`)
) ENGINE=InnoDB DEFAULT CHARSET=utf8mb4 COLLATE=utf8mb4_unicode_ci;
/*!40101 SET character_set_client = @saved_cs_client */;

--
-- Dumping data for table `jobs`
--

LOCK TABLES `jobs` WRITE;
/*!40000 ALTER TABLE `jobs` DISABLE KEYS */;
/*!40000 ALTER TABLE `jobs` ENABLE KEYS */;
UNLOCK TABLES;

--
-- Table structure for table `lab_groups`
--

DROP TABLE IF EXISTS `lab_groups`;
/*!40101 SET @saved_cs_client     = @@character_set_client */;
/*!40101 SET character_set_client = utf8mb4 */;
CREATE TABLE `lab_groups` (
  `id` bigint(20) unsigned NOT NULL AUTO_INCREMENT,
  `lab_id` bigint(20) unsigned NOT NULL,
  `nomor` smallint(5) unsigned NOT NULL,
  `nama` varchar(191) DEFAULT NULL,
  `created_at` timestamp NULL DEFAULT NULL,
  `updated_at` timestamp NULL DEFAULT NULL,
  PRIMARY KEY (`id`),
  UNIQUE KEY `lab_groups_lab_id_nomor_unique` (`lab_id`,`nomor`),
  CONSTRAINT `lab_groups_lab_id_foreign` FOREIGN KEY (`lab_id`) REFERENCES `labs` (`id`) ON DELETE CASCADE
) ENGINE=InnoDB AUTO_INCREMENT=25 DEFAULT CHARSET=utf8mb4 COLLATE=utf8mb4_unicode_ci;
/*!40101 SET character_set_client = @saved_cs_client */;

--
-- Dumping data for table `lab_groups`
--

LOCK TABLES `lab_groups` WRITE;
/*!40000 ALTER TABLE `lab_groups` DISABLE KEYS */;
INSERT INTO `lab_groups` VALUES (1,1,1,'Kelompok 1','2026-07-13 03:03:08','2026-07-13 03:03:08'),(2,1,2,'Kelompok 2','2026-07-13 03:03:09','2026-07-13 03:03:09'),(3,1,3,'Kelompok 3','2026-07-13 03:03:09','2026-07-13 03:03:09'),(4,1,4,'Kelompok 4','2026-07-13 03:03:10','2026-07-13 03:03:10'),(5,1,5,'Kelompok 5','2026-07-13 03:03:11','2026-07-13 03:03:11'),(6,1,6,'Kelompok 6','2026-07-13 03:03:11','2026-07-13 03:03:11'),(7,2,1,'Kelompok 1','2026-07-13 03:03:12','2026-07-13 03:03:12'),(8,2,2,'Kelompok 2','2026-07-13 03:03:13','2026-07-13 03:03:13'),(9,2,3,'Kelompok 3','2026-07-13 03:03:13','2026-07-13 03:03:13'),(10,2,4,'Kelompok 4','2026-07-13 03:03:14','2026-07-13 03:03:14'),(11,2,5,'Kelompok 5','2026-07-13 03:03:14','2026-07-13 03:03:14'),(12,2,6,'Kelompok 6','2026-07-13 03:03:15','2026-07-13 03:03:15'),(13,3,1,'Lemari 1 (F3-01)','2026-07-13 03:03:16','2026-07-14 04:45:53'),(14,3,2,'Lemari 2','2026-07-13 03:03:16','2026-07-13 03:03:16'),(15,3,3,'Lemari 3','2026-07-13 03:03:16','2026-07-13 03:03:16'),(16,3,4,'Lemari 4','2026-07-13 03:03:16','2026-07-13 03:03:16'),(17,3,5,'Lemari 5','2026-07-13 03:03:16','2026-07-13 03:03:16'),(18,3,6,'Lemari 6','2026-07-13 03:03:16','2026-07-13 03:03:16'),(19,3,7,'Lemari 7','2026-07-14 04:46:55','2026-07-14 04:47:25'),(24,3,8,NULL,'2026-07-21 08:16:48','2026-07-21 08:16:48');
/*!40000 ALTER TABLE `lab_groups` ENABLE KEYS */;
UNLOCK TABLES;

--
-- Table structure for table `lab_tables`
--

DROP TABLE IF EXISTS `lab_tables`;
/*!40101 SET @saved_cs_client     = @@character_set_client */;
/*!40101 SET character_set_client = utf8mb4 */;
CREATE TABLE `lab_tables` (
  `id` bigint(20) unsigned NOT NULL AUTO_INCREMENT,
  `lab_group_id` bigint(20) unsigned NOT NULL,
  `nomor` smallint(5) unsigned NOT NULL,
  `nama` varchar(191) DEFAULT NULL,
  `created_at` timestamp NULL DEFAULT NULL,
  `updated_at` timestamp NULL DEFAULT NULL,
  PRIMARY KEY (`id`),
  UNIQUE KEY `lab_tables_lab_group_id_nomor_unique` (`lab_group_id`,`nomor`),
  CONSTRAINT `lab_tables_lab_group_id_foreign` FOREIGN KEY (`lab_group_id`) REFERENCES `lab_groups` (`id`) ON DELETE CASCADE
) ENGINE=InnoDB AUTO_INCREMENT=123 DEFAULT CHARSET=utf8mb4 COLLATE=utf8mb4_unicode_ci;
/*!40101 SET character_set_client = @saved_cs_client */;

--
-- Dumping data for table `lab_tables`
--

LOCK TABLES `lab_tables` WRITE;
/*!40000 ALTER TABLE `lab_tables` DISABLE KEYS */;
INSERT INTO `lab_tables` VALUES (1,1,1,'Meja 1','2026-07-13 03:03:08','2026-07-13 03:03:08'),(2,1,2,'Meja 2','2026-07-13 03:03:08','2026-07-13 03:03:08'),(3,1,3,'Meja 3','2026-07-13 03:03:08','2026-07-13 03:03:08'),(4,1,4,'Meja 4','2026-07-13 03:03:09','2026-07-13 03:03:09'),(5,1,5,'Meja 5','2026-07-13 03:03:09','2026-07-13 03:03:09'),(6,1,6,'Meja 6','2026-07-13 03:03:09','2026-07-13 03:03:09'),(7,2,1,'Meja 1','2026-07-13 03:03:09','2026-07-13 03:03:09'),(8,2,2,'Meja 2','2026-07-13 03:03:09','2026-07-13 03:03:09'),(9,2,3,'Meja 3','2026-07-13 03:03:09','2026-07-13 03:03:09'),(10,2,4,'Meja 4','2026-07-13 03:03:09','2026-07-13 03:03:09'),(11,2,5,'Meja 5','2026-07-13 03:03:09','2026-07-13 03:03:09'),(12,2,6,'Meja 6','2026-07-13 03:03:09','2026-07-13 03:03:09'),(13,3,1,'Meja 1','2026-07-13 03:03:09','2026-07-13 03:03:09'),(14,3,2,'Meja 2','2026-07-13 03:03:09','2026-07-13 03:03:09'),(15,3,3,'Meja 3','2026-07-13 03:03:10','2026-07-13 03:03:10'),(16,3,4,'Meja 4','2026-07-13 03:03:10','2026-07-13 03:03:10'),(17,3,5,'Meja 5','2026-07-13 03:03:10','2026-07-13 03:03:10'),(18,3,6,'Meja 6','2026-07-13 03:03:10','2026-07-13 03:03:10'),(19,4,1,'Meja 1','2026-07-13 03:03:10','2026-07-13 03:03:10'),(20,4,2,'Meja 2','2026-07-13 03:03:10','2026-07-13 03:03:10'),(21,4,3,'Meja 3','2026-07-13 03:03:10','2026-07-13 03:03:10'),(22,4,4,'Meja 4','2026-07-13 03:03:10','2026-07-13 03:03:10'),(23,4,5,'Meja 5','2026-07-13 03:03:10','2026-07-13 03:03:10'),(24,4,6,'Meja 6','2026-07-13 03:03:11','2026-07-13 03:03:11'),(25,5,1,'Meja 1','2026-07-13 03:03:11','2026-07-13 03:03:11'),(26,5,2,'Meja 2','2026-07-13 03:03:11','2026-07-13 03:03:11'),(27,5,3,'Meja 3','2026-07-13 03:03:11','2026-07-13 03:03:11'),(28,5,4,'Meja 4','2026-07-13 03:03:11','2026-07-13 03:03:11'),(29,5,5,'Meja 5','2026-07-13 03:03:11','2026-07-13 03:03:11'),(30,5,6,'Meja 6','2026-07-13 03:03:11','2026-07-13 03:03:11'),(31,6,1,'Meja 1','2026-07-13 03:03:11','2026-07-13 03:03:11'),(32,6,2,'Meja 2','2026-07-13 03:03:11','2026-07-13 03:03:11'),(33,6,3,'Meja 3','2026-07-13 03:03:11','2026-07-13 03:03:11'),(34,6,4,'Meja 4','2026-07-13 03:03:11','2026-07-13 03:03:11'),(35,6,5,'Meja 5','2026-07-13 03:03:12','2026-07-13 03:03:12'),(36,6,6,'Meja 6','2026-07-13 03:03:12','2026-07-13 03:03:12'),(37,7,1,'Meja 1','2026-07-13 03:03:12','2026-07-13 03:03:12'),(38,7,2,'Meja 2','2026-07-13 03:03:12','2026-07-13 03:03:12'),(39,7,3,'Meja 3','2026-07-13 03:03:12','2026-07-13 03:03:12'),(40,7,4,'Meja 4','2026-07-13 03:03:12','2026-07-13 03:03:12'),(41,7,5,'Meja 5','2026-07-13 03:03:12','2026-07-13 03:03:12'),(42,7,6,'Meja 6','2026-07-13 03:03:12','2026-07-13 03:03:12'),(43,8,1,'Meja 1','2026-07-13 03:03:13','2026-07-13 03:03:13'),(44,8,2,'Meja 2','2026-07-13 03:03:13','2026-07-13 03:03:13'),(45,8,3,'Meja 3','2026-07-13 03:03:13','2026-07-13 03:03:13'),(46,8,4,'Meja 4','2026-07-13 03:03:13','2026-07-13 03:03:13'),(47,8,5,'Meja 5','2026-07-13 03:03:13','2026-07-13 03:03:13'),(48,8,6,'Meja 6','2026-07-13 03:03:13','2026-07-13 03:03:13'),(49,9,1,'Meja 1','2026-07-13 03:03:13','2026-07-13 03:03:13'),(50,9,2,'Meja 2','2026-07-13 03:03:13','2026-07-13 03:03:13'),(51,9,3,'Meja 3','2026-07-13 03:03:13','2026-07-13 03:03:13'),(52,9,4,'Meja 4','2026-07-13 03:03:14','2026-07-13 03:03:14'),(53,9,5,'Meja 5','2026-07-13 03:03:14','2026-07-13 03:03:14'),(54,9,6,'Meja 6','2026-07-13 03:03:14','2026-07-13 03:03:14'),(55,10,1,'Meja 1','2026-07-13 03:03:14','2026-07-13 03:03:14'),(56,10,2,'Meja 2','2026-07-13 03:03:14','2026-07-13 03:03:14'),(57,10,3,'Meja 3','2026-07-13 03:03:14','2026-07-13 03:03:14'),(58,10,4,'Meja 4','2026-07-13 03:03:14','2026-07-13 03:03:14'),(59,10,5,'Meja 5','2026-07-13 03:03:14','2026-07-13 03:03:14'),(60,10,6,'Meja 6','2026-07-13 03:03:14','2026-07-13 03:03:14'),(61,11,1,'Meja 1','2026-07-13 03:03:14','2026-07-13 03:03:14'),(62,11,2,'Meja 2','2026-07-13 03:03:15','2026-07-13 03:03:15'),(63,11,3,'Meja 3','2026-07-13 03:03:15','2026-07-13 03:03:15'),(64,11,4,'Meja 4','2026-07-13 03:03:15','2026-07-13 03:03:15'),(65,11,5,'Meja 5','2026-07-13 03:03:15','2026-07-13 03:03:15'),(66,11,6,'Meja 6','2026-07-13 03:03:15','2026-07-13 03:03:15'),(67,12,1,'Meja 1','2026-07-13 03:03:15','2026-07-13 03:03:15'),(68,12,2,'Meja 2','2026-07-13 03:03:15','2026-07-13 03:03:15'),(69,12,3,'Meja 3','2026-07-13 03:03:15','2026-07-13 03:03:15'),(70,12,4,'Meja 4','2026-07-13 03:03:15','2026-07-13 03:03:15'),(71,12,5,'Meja 5','2026-07-13 03:03:16','2026-07-13 03:03:16'),(72,12,6,'Meja 6','2026-07-13 03:03:16','2026-07-13 03:03:16'),(73,13,1,'Rak 1','2026-07-13 03:03:16','2026-07-13 03:03:16'),(74,13,2,'Rak 2','2026-07-13 03:03:16','2026-07-13 03:03:16'),(75,13,3,'Rak 3','2026-07-13 03:03:16','2026-07-13 03:03:16'),(76,13,4,'Rak 4','2026-07-13 03:03:16','2026-07-13 03:03:16'),(79,14,1,'Rak 1','2026-07-13 03:03:16','2026-07-13 03:03:16'),(80,14,2,'Rak 2','2026-07-13 03:03:16','2026-07-13 03:03:16'),(81,14,3,'Rak 3','2026-07-13 03:03:16','2026-07-13 03:03:16'),(82,14,4,'Rak 4','2026-07-13 03:03:16','2026-07-13 03:03:16'),(85,15,1,'Rak 1','2026-07-13 03:03:16','2026-07-13 03:03:16'),(86,15,2,'Rak 2','2026-07-13 03:03:16','2026-07-13 03:03:16'),(87,15,3,'Rak 3','2026-07-13 03:03:16','2026-07-13 03:03:16'),(88,15,4,'Rak 4','2026-07-13 03:03:16','2026-07-13 03:03:16'),(91,16,1,'Rak 1','2026-07-13 03:03:16','2026-07-13 03:03:16'),(92,16,2,'Rak 2','2026-07-13 03:03:16','2026-07-13 03:03:16'),(93,16,3,'Rak 3','2026-07-13 03:03:16','2026-07-13 03:03:16'),(94,16,4,'Rak 4','2026-07-13 03:03:16','2026-07-13 03:03:16'),(97,17,1,'Rak 1','2026-07-13 03:03:16','2026-07-13 03:03:16'),(98,17,2,'Rak 2','2026-07-13 03:03:16','2026-07-13 03:03:16'),(99,17,3,'Rak 3','2026-07-13 03:03:16','2026-07-13 03:03:16'),(100,17,4,'Rak 4','2026-07-13 03:03:16','2026-07-13 03:03:16'),(103,18,1,'Rak 1','2026-07-13 03:03:16','2026-07-13 03:03:16'),(104,18,2,'Rak 2','2026-07-13 03:03:16','2026-07-13 03:03:16'),(105,18,3,'Rak 3','2026-07-13 03:03:16','2026-07-13 03:03:16'),(109,19,1,NULL,'2026-07-14 04:47:02','2026-07-14 04:47:02'),(110,19,2,NULL,'2026-07-14 04:47:04','2026-07-14 04:47:04'),(111,19,3,NULL,'2026-07-14 04:47:06','2026-07-14 04:47:06'),(112,19,4,NULL,'2026-07-14 04:47:08','2026-07-14 04:47:08'),(120,18,4,NULL,'2026-07-21 08:16:19','2026-07-21 08:16:19'),(122,24,1,'Rak 1','2026-07-21 08:22:07','2026-07-21 08:22:07');
/*!40000 ALTER TABLE `lab_tables` ENABLE KEYS */;
UNLOCK TABLES;

--
-- Table structure for table `labs`
--

DROP TABLE IF EXISTS `labs`;
/*!40101 SET @saved_cs_client     = @@character_set_client */;
/*!40101 SET character_set_client = utf8mb4 */;
CREATE TABLE `labs` (
  `id` bigint(20) unsigned NOT NULL AUTO_INCREMENT,
  `nama` varchar(191) NOT NULL,
  `kode` varchar(191) NOT NULL,
  `has_groups` tinyint(1) NOT NULL DEFAULT 1,
  `keterangan` varchar(191) DEFAULT NULL,
  `created_at` timestamp NULL DEFAULT NULL,
  `updated_at` timestamp NULL DEFAULT NULL,
  PRIMARY KEY (`id`),
  UNIQUE KEY `labs_kode_unique` (`kode`)
) ENGINE=InnoDB AUTO_INCREMENT=9 DEFAULT CHARSET=utf8mb4 COLLATE=utf8mb4_unicode_ci;
/*!40101 SET character_set_client = @saved_cs_client */;

--
-- Dumping data for table `labs`
--

LOCK TABLES `labs` WRITE;
/*!40000 ALTER TABLE `labs` DISABLE KEYS */;
INSERT INTO `labs` VALUES (1,'Lab A','LAB_A',1,'Laboratorium praktik TKJ.','2026-07-13 03:03:08','2026-07-13 03:03:08'),(2,'Lab B','LAB_B',1,'Laboratorium praktik TKJ.','2026-07-13 03:03:12','2026-07-13 03:03:12'),(3,'TEFA','TEFA',1,'Teaching Factory','2026-07-13 03:03:16','2026-07-13 03:03:16'),(8,'LAB D','lab-d',1,NULL,'2026-07-24 08:45:01','2026-07-24 08:45:01');
/*!40000 ALTER TABLE `labs` ENABLE KEYS */;
UNLOCK TABLES;

--
-- Table structure for table `migrations`
--

DROP TABLE IF EXISTS `migrations`;
/*!40101 SET @saved_cs_client     = @@character_set_client */;
/*!40101 SET character_set_client = utf8mb4 */;
CREATE TABLE `migrations` (
  `id` int(10) unsigned NOT NULL AUTO_INCREMENT,
  `migration` varchar(191) NOT NULL,
  `batch` int(11) NOT NULL,
  PRIMARY KEY (`id`)
) ENGINE=InnoDB AUTO_INCREMENT=15 DEFAULT CHARSET=utf8mb4 COLLATE=utf8mb4_unicode_ci;
/*!40101 SET character_set_client = @saved_cs_client */;

--
-- Dumping data for table `migrations`
--

LOCK TABLES `migrations` WRITE;
/*!40000 ALTER TABLE `migrations` DISABLE KEYS */;
INSERT INTO `migrations` VALUES (1,'0001_01_01_000000_create_users_table',1),(2,'0001_01_01_000001_create_cache_table',1),(3,'0001_01_01_000002_create_jobs_table',1),(4,'2024_01_01_000010_create_categories_table',1),(5,'2024_01_01_000020_create_labs_table',1),(6,'2024_01_01_000030_create_lab_groups_table',1),(7,'2024_01_01_000040_create_lab_tables_table',1),(8,'2024_01_01_000050_create_items_table',1),(9,'2024_01_01_000060_create_reports_table',1),(10,'2024_01_01_000070_create_procurements_table',1),(11,'2024_01_01_000080_create_repairs_table',1),(12,'2024_01_01_000090_create_stock_audits_table',1),(13,'2024_01_01_000100_create_activity_logs_table',1),(14,'2024_01_01_000110_create_notifications_table',1);
/*!40000 ALTER TABLE `migrations` ENABLE KEYS */;
UNLOCK TABLES;

--
-- Table structure for table `notifications`
--

DROP TABLE IF EXISTS `notifications`;
/*!40101 SET @saved_cs_client     = @@character_set_client */;
/*!40101 SET character_set_client = utf8mb4 */;
CREATE TABLE `notifications` (
  `id` char(36) NOT NULL,
  `type` varchar(191) NOT NULL,
  `notifiable_type` varchar(191) NOT NULL,
  `notifiable_id` bigint(20) unsigned NOT NULL,
  `data` text NOT NULL,
  `read_at` timestamp NULL DEFAULT NULL,
  `created_at` timestamp NULL DEFAULT NULL,
  `updated_at` timestamp NULL DEFAULT NULL,
  PRIMARY KEY (`id`),
  KEY `notifications_notifiable_type_notifiable_id_index` (`notifiable_type`,`notifiable_id`)
) ENGINE=InnoDB DEFAULT CHARSET=utf8mb4 COLLATE=utf8mb4_unicode_ci;
/*!40101 SET character_set_client = @saved_cs_client */;

--
-- Dumping data for table `notifications`
--

LOCK TABLES `notifications` WRITE;
/*!40000 ALTER TABLE `notifications` DISABLE KEYS */;
INSERT INTO `notifications` VALUES ('01029df9-3878-4493-896e-3b5de17fd4aa','App\\Notifications\\NewReportNotification','App\\Models\\User',3,'{\"type\":\"report\",\"icon\":\"report\",\"title\":\"Laporan Barang Rusak baru\",\"message\":\"PC di Lab B dilaporkan oleh Sekretaris Lab\",\"url\":\"http:\\/\\/inventaris.alzely.my.id\\/admin\\/reports\\/7\"}','2026-07-14 04:49:16','2026-07-13 23:37:43','2026-07-14 04:49:16'),('05239f76-49ef-414c-b9bb-428440939708','App\\Notifications\\NewItemNotification','App\\Models\\User',6,'{\"type\":\"item\",\"icon\":\"item\",\"title\":\"Barang baru ditambahkan\",\"message\":\"Splicer (Splicer) di TEFA \\u2014 jumlah 12\",\"url\":\"http:\\/\\/inventaris.teknisitkj.my.id\\/sekretaris\\/inventaris\\/305\"}',NULL,'2026-07-16 01:14:21','2026-07-16 01:14:21'),('057a149e-475d-49d7-a42f-4cd478b4bff1','App\\Notifications\\NewProcurementNotification','App\\Models\\User',7,'{\"type\":\"procurement\",\"icon\":\"procurement\",\"title\":\"Pengajuan barang baru\",\"message\":\"Router RB-941 (12 unit) diajukan oleh Pengurus Lab a\",\"url\":\"http:\\/\\/inventaris.teknisitkj.my.id\\/admin\\/procurements\\/7\"}',NULL,'2026-07-14 07:14:14','2026-07-14 07:14:14'),('0658ada4-8142-486d-8800-5cf7e79e9cd8','App\\Notifications\\NewProcurementNotification','App\\Models\\User',7,'{\"type\":\"procurement\",\"icon\":\"procurement\",\"title\":\"Pengajuan barang baru\",\"message\":\"mikrotik RB951UI (12 unit) diajukan oleh Pengurus Lab B\",\"url\":\"http:\\/\\/inventaris.teknisitkj.my.id\\/admin\\/procurements\\/16\"}',NULL,'2026-07-21 06:19:16','2026-07-21 06:19:16'),('0800038e-933d-40ab-b63b-c11cb4c379af','App\\Notifications\\NewProcurementNotification','App\\Models\\User',1,'{\"type\":\"procurement\",\"icon\":\"procurement\",\"title\":\"Pengajuan barang baru\",\"message\":\"Obeng + (20 unit) diajukan oleh Pengurus Lab a\",\"url\":\"http:\\/\\/inventaris.teknisitkj.my.id\\/admin\\/procurements\\/4\"}','2026-07-14 07:44:30','2026-07-14 06:41:09','2026-07-14 07:44:30'),('09e0ab6a-21ef-485c-a4c1-f04ed230286c','App\\Notifications\\NewReportNotification','App\\Models\\User',3,'{\"type\":\"report\",\"icon\":\"report\",\"title\":\"Laporan Barang Rusak baru\",\"message\":\"PC di Lab B dilaporkan oleh Sekretaris Lab\",\"url\":\"http:\\/\\/inventaris.alzely.my.id\\/admin\\/reports\\/6\"}','2026-07-14 04:49:16','2026-07-13 23:37:09','2026-07-14 04:49:16'),('0f21df1c-dea8-43a6-8ba1-8cd56976db8b','App\\Notifications\\NewProcurementNotification','App\\Models\\User',1,'{\"type\":\"procurement\",\"icon\":\"procurement\",\"title\":\"Pengajuan barang baru\",\"message\":\"Router RB-941 (1 unit) diajukan oleh Pengurus Lab a\",\"url\":\"http:\\/\\/inventaris.teknisitkj.my.id\\/admin\\/procurements\\/9\"}','2026-07-21 00:40:48','2026-07-16 01:12:57','2026-07-21 00:40:48'),('11a33dd0-821a-460d-a88f-a11d12b4937c','App\\Notifications\\ProcurementStatusNotification','App\\Models\\User',5,'{\"type\":\"procurement-status\",\"icon\":\"procurement\",\"title\":\"Status pengajuan diperbarui\",\"message\":\"Router RB-941 \\u2192 Sudah Dikembalikan\",\"url\":\"http:\\/\\/inventaris.teknisitkj.my.id\\/sekretaris\\/procurements\\/8\"}','2026-07-24 08:15:11','2026-07-14 07:45:27','2026-07-24 08:15:11'),('1532e037-6065-4d10-9cf9-54ea82c5d0e2','App\\Notifications\\NewReportNotification','App\\Models\\User',7,'{\"type\":\"report\",\"icon\":\"report\",\"title\":\"Laporan Barang Rusak baru\",\"message\":\"PC di Lab B dilaporkan oleh Pengurus Lab B\",\"url\":\"http:\\/\\/inventaris.teknisitkj.my.id\\/admin\\/reports\\/14\"}',NULL,'2026-07-20 01:43:19','2026-07-20 01:43:19'),('175c0882-7861-4dc3-bcdb-d4f8a320c590','App\\Notifications\\NewReportNotification','App\\Models\\User',1,'{\"type\":\"report\",\"icon\":\"report\",\"title\":\"Laporan Barang Hilang baru\",\"message\":\"Mouse di Lab A dilaporkan oleh Sekretaris Lab\",\"url\":\"http:\\/\\/inventaris.alzely.my.id\\/admin\\/reports\\/12\"}','2026-07-14 04:35:50','2026-07-13 23:40:33','2026-07-14 04:35:50'),('1a0dc179-678e-4ea6-868d-9d6a4cef898b','App\\Notifications\\NewReportNotification','App\\Models\\User',7,'{\"type\":\"report\",\"icon\":\"report\",\"title\":\"Laporan Barang Rusak baru\",\"message\":\"Mouse di Lab B dilaporkan oleh Pengurus Lab B\",\"url\":\"http:\\/\\/inventaris.teknisitkj.my.id\\/admin\\/reports\\/15\"}',NULL,'2026-07-20 09:49:34','2026-07-20 09:49:34'),('1a3f95fb-b099-4344-817d-4e2f8caf56b0','App\\Notifications\\NewReportNotification','App\\Models\\User',7,'{\"type\":\"report\",\"icon\":\"report\",\"title\":\"Laporan Barang Rusak baru\",\"message\":\"Keyboard di Lab A dilaporkan oleh Pengurus Lab a\",\"url\":\"http:\\/\\/inventaris.teknisitkj.my.id\\/admin\\/reports\\/17\"}',NULL,'2026-07-21 07:48:21','2026-07-21 07:48:21'),('1c6e9687-25b9-44fc-ae3e-cbae518fd2c6','App\\Notifications\\NewItemNotification','App\\Models\\User',2,'{\"type\":\"item\",\"icon\":\"item\",\"title\":\"Barang baru ditambahkan\",\"message\":\"keyboard (Komputer) di TEFA \\u2014 jumlah 1\",\"url\":\"http:\\/\\/inventaris.teknisitkj.my.id\\/sekretaris\\/inventaris\\/308\"}',NULL,'2026-07-21 01:17:59','2026-07-21 01:17:59'),('1fa72b43-92f8-489f-9e4b-f757e514d3b2','App\\Notifications\\NewProcurementNotification','App\\Models\\User',1,'{\"type\":\"procurement\",\"icon\":\"procurement\",\"title\":\"Pengajuan barang baru\",\"message\":\"Splicer (13 unit) diajukan oleh Pengurus Lab B\",\"url\":\"http:\\/\\/inventaris.teknisitkj.my.id\\/admin\\/procurements\\/13\"}','2026-07-21 00:40:48','2026-07-16 02:08:19','2026-07-21 00:40:48'),('20775a17-a8a6-4850-9044-06f5cb32e1f4','App\\Notifications\\NewProcurementNotification','App\\Models\\User',7,'{\"type\":\"procurement\",\"icon\":\"procurement\",\"title\":\"Pengajuan barang baru\",\"message\":\"Router RB750 (6 unit) diajukan oleh Pengurus Lab B\",\"url\":\"http:\\/\\/inventaris.teknisitkj.my.id\\/admin\\/procurements\\/14\"}',NULL,'2026-07-20 02:03:03','2026-07-20 02:03:03'),('2152e603-cbdc-4706-bb4f-60aa2b0f4934','App\\Notifications\\NewReportNotification','App\\Models\\User',3,'{\"type\":\"report\",\"icon\":\"report\",\"title\":\"Laporan Barang Rusak baru\",\"message\":\"PC di Lab B dilaporkan oleh Sekretaris Lab\",\"url\":\"http:\\/\\/inventaris.alzely.my.id\\/admin\\/reports\\/8\"}','2026-07-14 04:49:16','2026-07-13 23:38:10','2026-07-14 04:49:16'),('2641d4e5-acc7-4b55-aee0-3a2cdec7d1fc','App\\Notifications\\NewProcurementNotification','App\\Models\\User',1,'{\"type\":\"procurement\",\"icon\":\"procurement\",\"title\":\"Pengajuan barang baru\",\"message\":\"Router RB-941 (13 unit) diajukan oleh Pengurus Lab a\",\"url\":\"http:\\/\\/inventaris.teknisitkj.my.id\\/admin\\/procurements\\/6\"}','2026-07-14 07:14:20','2026-07-14 06:55:16','2026-07-14 07:14:20'),('265affc7-cf8a-47a8-8867-9e51af990be3','App\\Notifications\\NewProcurementNotification','App\\Models\\User',7,'{\"type\":\"procurement\",\"icon\":\"procurement\",\"title\":\"Pengajuan barang baru\",\"message\":\"lan (1 unit) diajukan oleh Pengurus Lab a\",\"url\":\"http:\\/\\/inventaris.teknisitkj.my.id\\/admin\\/procurements\\/5\"}',NULL,'2026-07-14 06:50:40','2026-07-14 06:50:40'),('27b04745-815a-4f52-b9d0-8b7d1b726ef3','App\\Notifications\\NewReportNotification','App\\Models\\User',7,'{\"type\":\"report\",\"icon\":\"report\",\"title\":\"Laporan Barang Rusak baru\",\"message\":\"Keyboard di Lab B dilaporkan oleh Pengurus Lab a\",\"url\":\"http:\\/\\/inventaris.teknisitkj.my.id\\/admin\\/reports\\/21\"}',NULL,'2026-07-21 07:56:45','2026-07-21 07:56:45'),('27f8c145-caf2-40b1-ab56-6136d8b71664','App\\Notifications\\NewReportNotification','App\\Models\\User',7,'{\"type\":\"report\",\"icon\":\"report\",\"title\":\"Laporan Barang Rusak baru\",\"message\":\"Keyboard di Lab A dilaporkan oleh Pengurus Lab a\",\"url\":\"http:\\/\\/inventaris.teknisitkj.my.id\\/admin\\/reports\\/18\"}',NULL,'2026-07-21 07:50:43','2026-07-21 07:50:43'),('283f7e15-2671-420e-b9a7-5575d448cfea','App\\Notifications\\NewReportNotification','App\\Models\\User',1,'{\"type\":\"report\",\"icon\":\"report\",\"title\":\"Laporan Barang Hilang baru\",\"message\":\"Keyboard di Lab A dilaporkan oleh Demosekretaris\",\"url\":\"http:\\/\\/inventaris.teknisitkj.my.id\\/admin\\/reports\\/24\"}',NULL,'2026-07-24 08:33:27','2026-07-24 08:33:27'),('294a0adf-96bf-4e1b-b7e5-25f633a9068a','App\\Notifications\\NewProcurementNotification','App\\Models\\User',7,'{\"type\":\"procurement\",\"icon\":\"procurement\",\"title\":\"Pengajuan barang baru\",\"message\":\"Router RB-941 (13 unit) diajukan oleh Pengurus Lab B\",\"url\":\"http:\\/\\/inventaris.teknisitkj.my.id\\/admin\\/procurements\\/12\"}',NULL,'2026-07-16 02:07:22','2026-07-16 02:07:22'),('2b26756c-7d64-4cc3-8d24-23ffe0b184ee','App\\Notifications\\NewItemNotification','App\\Models\\User',2,'{\"type\":\"item\",\"icon\":\"item\",\"title\":\"Barang baru ditambahkan\",\"message\":\"mikrotik RB951UI (Router) di TEFA \\u2014 jumlah 24\",\"url\":\"http:\\/\\/inventaris.teknisitkj.my.id\\/sekretaris\\/inventaris\\/309\"}',NULL,'2026-07-21 03:14:00','2026-07-21 03:14:00'),('2bac2f04-6c72-4a4d-b092-465dedca96c4','App\\Notifications\\NewReportNotification','App\\Models\\User',3,'{\"type\":\"report\",\"icon\":\"report\",\"title\":\"Laporan Barang Rusak baru\",\"message\":\"PC di Lab B dilaporkan oleh Sekretaris Lab\",\"url\":\"http:\\/\\/inventaris.alzely.my.id\\/admin\\/reports\\/11\"}','2026-07-13 23:40:56','2026-07-13 23:39:42','2026-07-13 23:40:56'),('2c9462cd-09a7-46d2-a42f-f418779cfc27','App\\Notifications\\NewReportNotification','App\\Models\\User',8,'{\"type\":\"report\",\"icon\":\"report\",\"title\":\"Laporan Barang Hilang baru\",\"message\":\"Keyboard di Lab A dilaporkan oleh Demosekretaris\",\"url\":\"http:\\/\\/inventaris.teknisitkj.my.id\\/admin\\/reports\\/24\"}',NULL,'2026-07-24 08:33:27','2026-07-24 08:33:27'),('2e40ca33-116f-4b53-b983-3c568670c481','App\\Notifications\\NewReportNotification','App\\Models\\User',1,'{\"type\":\"report\",\"icon\":\"report\",\"title\":\"Laporan Barang Hilang baru\",\"message\":\"Monitor di Lab B dilaporkan oleh Pengurus Lab a\",\"url\":\"http:\\/\\/inventaris.teknisitkj.my.id\\/admin\\/reports\\/23\"}','2026-07-21 08:13:10','2026-07-21 07:59:34','2026-07-21 08:13:10'),('2e7e57e5-0027-4c3c-aa29-8775196806c0','App\\Notifications\\NewReportNotification','App\\Models\\User',1,'{\"type\":\"report\",\"icon\":\"report\",\"title\":\"Laporan Barang Rusak baru\",\"message\":\"Keyboard di Lab A dilaporkan oleh Pengurus Lab a\",\"url\":\"http:\\/\\/inventaris.teknisitkj.my.id\\/admin\\/reports\\/18\"}','2026-07-21 08:13:10','2026-07-21 07:50:43','2026-07-21 08:13:10'),('33b5cd87-8e71-4b68-9306-0bd12f214835','App\\Notifications\\NewItemNotification','App\\Models\\User',2,'{\"type\":\"item\",\"icon\":\"item\",\"title\":\"Barang baru ditambahkan\",\"message\":\"Sampah (UPS) di TEFA \\u2014 jumlah 1\",\"url\":\"http:\\/\\/inventaris.teknisitkj.my.id\\/sekretaris\\/inventaris\\/301\"}',NULL,'2026-07-14 04:22:49','2026-07-14 04:22:49'),('361c5a64-e5dd-4e05-a979-e3bb387b00e2','App\\Notifications\\NewReportNotification','App\\Models\\User',3,'{\"type\":\"report\",\"icon\":\"report\",\"title\":\"Laporan Barang Rusak baru\",\"message\":\"PC di Lab B dilaporkan oleh Sekretaris Lab\",\"url\":\"http:\\/\\/inventaris.alzely.my.id\\/admin\\/reports\\/9\"}','2026-07-14 04:49:16','2026-07-13 23:38:55','2026-07-14 04:49:16'),('3b7bb110-b667-4f09-b396-63f25e7613b1','App\\Notifications\\NewProcurementNotification','App\\Models\\User',7,'{\"type\":\"procurement\",\"icon\":\"procurement\",\"title\":\"Pengajuan barang baru\",\"message\":\"Router RB-941 (10 unit) diajukan oleh Pengurus Lab a\",\"url\":\"http:\\/\\/inventaris.teknisitkj.my.id\\/admin\\/procurements\\/8\"}',NULL,'2026-07-14 07:44:24','2026-07-14 07:44:24'),('3ddfd461-ab36-4e4a-b533-d728179200c5','App\\Notifications\\NewItemNotification','App\\Models\\User',2,'{\"type\":\"item\",\"icon\":\"item\",\"title\":\"Barang baru ditambahkan\",\"message\":\"lan (Kabel LAN) di Lab A \\u2014 jumlah 1\",\"url\":\"http:\\/\\/inventaris.teknisitkj.my.id\\/sekretaris\\/inventaris\\/310\"}',NULL,'2026-07-21 06:29:37','2026-07-21 06:29:37'),('3de69c2a-299d-45a9-a0b9-f72f89e0d0e4','App\\Notifications\\NewItemNotification','App\\Models\\User',2,'{\"type\":\"item\",\"icon\":\"item\",\"title\":\"Barang baru ditambahkan\",\"message\":\"Splicer (Splicer) di TEFA \\u2014 jumlah 12\",\"url\":\"http:\\/\\/inventaris.teknisitkj.my.id\\/sekretaris\\/inventaris\\/305\"}',NULL,'2026-07-16 01:14:21','2026-07-16 01:14:21'),('3e51ccdf-2da8-4a80-8a8b-4055dc7762da','App\\Notifications\\NewItemNotification','App\\Models\\User',6,'{\"type\":\"item\",\"icon\":\"item\",\"title\":\"Barang baru ditambahkan\",\"message\":\"lan (Kabel LAN) di Lab A \\u2014 jumlah 1\",\"url\":\"http:\\/\\/inventaris.teknisitkj.my.id\\/sekretaris\\/inventaris\\/310\"}',NULL,'2026-07-21 06:29:37','2026-07-21 06:29:37'),('3e77252f-278a-4572-9d18-0bc810d1fb85','App\\Notifications\\NewItemNotification','App\\Models\\User',6,'{\"type\":\"item\",\"icon\":\"item\",\"title\":\"Barang baru ditambahkan\",\"message\":\"test1 (Komputer) di Lab A \\u2014 jumlah 1\",\"url\":\"http:\\/\\/inventaris.teknisitkj.my.id\\/sekretaris\\/inventaris\\/311\"}',NULL,'2026-07-21 07:24:24','2026-07-21 07:24:24'),('3f8b6427-2a87-4153-b93d-b0ce9a14c067','App\\Notifications\\NewItemNotification','App\\Models\\User',2,'{\"type\":\"item\",\"icon\":\"item\",\"title\":\"Barang baru ditambahkan\",\"message\":\"Obeng + (Obeng +) di TEFA \\u2014 jumlah 100\",\"url\":\"http:\\/\\/inventaris.teknisitkj.my.id\\/sekretaris\\/inventaris\\/302\"}',NULL,'2026-07-14 04:58:47','2026-07-14 04:58:47'),('4463f206-742a-448e-bee1-2819b63a2946','App\\Notifications\\NewItemNotification','App\\Models\\User',2,'{\"type\":\"item\",\"icon\":\"item\",\"title\":\"Barang baru ditambahkan\",\"message\":\"rois (Obeng +) di laboratorium rois \\u2014 jumlah 1\",\"url\":\"http:\\/\\/inventaris.teknisitkj.my.id\\/sekretaris\\/inventaris\\/306\"}',NULL,'2026-07-17 08:24:45','2026-07-17 08:24:45'),('44a98ea4-693f-4741-b960-b12aa416bc18','App\\Notifications\\NewReportNotification','App\\Models\\User',7,'{\"type\":\"report\",\"icon\":\"report\",\"title\":\"Laporan Barang Hilang baru\",\"message\":\"Monitor di Lab B dilaporkan oleh Pengurus Lab a\",\"url\":\"http:\\/\\/inventaris.teknisitkj.my.id\\/admin\\/reports\\/23\"}',NULL,'2026-07-21 07:59:34','2026-07-21 07:59:34'),('4521b6e5-8750-43dd-8df7-7a3f1945ebc4','App\\Notifications\\ProcurementStatusNotification','App\\Models\\User',5,'{\"type\":\"procurement-status\",\"icon\":\"procurement\",\"title\":\"Status pengajuan diperbarui\",\"message\":\"Keyboard \\u2192 Disetujui\",\"url\":\"http:\\/\\/inventaris.teknisitkj.my.id\\/sekretaris\\/procurements\\/17\"}','2026-07-24 08:15:11','2026-07-21 08:06:19','2026-07-24 08:15:11'),('473e6a80-f5e4-4a28-8dba-13ce7016170a','App\\Notifications\\NewReportNotification','App\\Models\\User',3,'{\"type\":\"report\",\"icon\":\"report\",\"title\":\"Laporan Barang Rusak baru\",\"message\":\"Keyboard di Lab A dilaporkan oleh Sekretaris Lab\",\"url\":\"http:\\/\\/inventaris.alzely.my.id\\/admin\\/reports\\/3\"}','2026-07-13 23:32:26','2026-07-13 12:01:22','2026-07-13 23:32:26'),('4c10988d-6544-4ac5-b9cc-de152a79d7d8','App\\Notifications\\NewReportNotification','App\\Models\\User',7,'{\"type\":\"report\",\"icon\":\"report\",\"title\":\"Laporan Barang Rusak baru\",\"message\":\"Keyboard di Lab B dilaporkan oleh Pengurus Lab a\",\"url\":\"http:\\/\\/inventaris.teknisitkj.my.id\\/admin\\/reports\\/20\"}',NULL,'2026-07-21 07:55:00','2026-07-21 07:55:00'),('4c3f139f-fb3c-4af0-979e-2322c99451ac','App\\Notifications\\NewProcurementNotification','App\\Models\\User',1,'{\"type\":\"procurement\",\"icon\":\"procurement\",\"title\":\"Pengajuan barang baru\",\"message\":\"Router RB-941 (12 unit) diajukan oleh Pengurus Lab a\",\"url\":\"http:\\/\\/inventaris.teknisitkj.my.id\\/admin\\/procurements\\/7\"}','2026-07-14 07:14:27','2026-07-14 07:14:14','2026-07-14 07:14:27'),('4cab1271-963f-466b-84ae-7b00a6970f65','App\\Notifications\\NewReportNotification','App\\Models\\User',3,'{\"type\":\"report\",\"icon\":\"report\",\"title\":\"Laporan Barang Rusak baru\",\"message\":\"Keyboard di Lab A dilaporkan oleh Sekretaris Lab\",\"url\":\"http:\\/\\/inventaris.teknisitkj.my.id\\/admin\\/reports\\/13\"}',NULL,'2026-07-14 05:01:35','2026-07-14 05:01:35'),('4f06d1c2-2c35-42fe-8dd6-d2ecc37e4d99','App\\Notifications\\ProcurementStatusNotification','App\\Models\\User',5,'{\"type\":\"procurement-status\",\"icon\":\"procurement\",\"title\":\"Status pengajuan diperbarui\",\"message\":\"Router RB-941 \\u2192 Ditolak\",\"url\":\"http:\\/\\/inventaris.teknisitkj.my.id\\/sekretaris\\/procurements\\/8\"}','2026-07-24 08:15:11','2026-07-14 09:00:26','2026-07-24 08:15:11'),('5996ba56-0e3d-4958-ba72-f5236b8cd8af','App\\Notifications\\NewItemNotification','App\\Models\\User',5,'{\"type\":\"item\",\"icon\":\"item\",\"title\":\"Barang baru ditambahkan\",\"message\":\"keyboard (Komputer) di TEFA \\u2014 jumlah 1\",\"url\":\"http:\\/\\/inventaris.teknisitkj.my.id\\/sekretaris\\/inventaris\\/308\"}','2026-07-24 08:15:11','2026-07-21 01:17:59','2026-07-24 08:15:11'),('5a3f8069-485f-4a6c-97a6-d155e577a7d6','App\\Notifications\\NewProcurementNotification','App\\Models\\User',1,'{\"type\":\"procurement\",\"icon\":\"procurement\",\"title\":\"Pengajuan barang baru\",\"message\":\"Splicer (11 unit) diajukan oleh Pengurus Lab a\",\"url\":\"http:\\/\\/inventaris.teknisitkj.my.id\\/admin\\/procurements\\/10\"}','2026-07-21 00:40:48','2026-07-16 01:15:15','2026-07-21 00:40:48'),('5a42ff15-a962-450b-b40b-278c9e61c1fa','App\\Notifications\\NewItemNotification','App\\Models\\User',5,'{\"type\":\"item\",\"icon\":\"item\",\"title\":\"Barang baru ditambahkan\",\"message\":\"sampah (MikroTik) di Lab A \\u2014 jumlah 1\",\"url\":\"http:\\/\\/inventaris.teknisitkj.my.id\\/sekretaris\\/inventaris\\/303\"}','2026-07-14 06:41:38','2026-07-14 06:23:38','2026-07-14 06:41:38'),('5b1b7efc-fe0d-48d1-b29d-72bc3221d5c5','App\\Notifications\\NewReportNotification','App\\Models\\User',1,'{\"type\":\"report\",\"icon\":\"report\",\"title\":\"Laporan Barang Rusak baru\",\"message\":\"Monitor di Lab A dilaporkan oleh Sekretaris Lab\",\"url\":\"http:\\/\\/inventaris.alzely.my.id\\/admin\\/reports\\/2\"}','2026-07-13 07:50:00','2026-07-13 05:56:56','2026-07-13 07:50:00'),('5c0aa412-ccda-4266-890a-2de39d104f27','App\\Notifications\\ProcurementStatusNotification','App\\Models\\User',2,'{\"type\":\"procurement-status\",\"icon\":\"procurement\",\"title\":\"Status pengajuan diperbarui\",\"message\":\"Mikrotik RB941 \\u2192 Disetujui\",\"url\":\"http:\\/\\/inventaris.teknisitkj.my.id\\/sekretaris\\/procurements\\/3\"}','2026-07-14 04:36:56','2026-07-14 04:36:28','2026-07-14 04:36:56'),('5d029389-6e87-49bc-91a3-945e42097560','App\\Notifications\\ProcurementStatusNotification','App\\Models\\User',6,'{\"type\":\"procurement-status\",\"icon\":\"procurement\",\"title\":\"Status pengajuan diperbarui\",\"message\":\"Router RB750 \\u2192 Disetujui\",\"url\":\"http:\\/\\/inventaris.teknisitkj.my.id\\/sekretaris\\/procurements\\/14\"}',NULL,'2026-07-20 05:41:42','2026-07-20 05:41:42'),('5d7aa6aa-1535-4a1d-8f35-9637aa8bedfe','App\\Notifications\\NewItemNotification','App\\Models\\User',2,'{\"type\":\"item\",\"icon\":\"item\",\"title\":\"Barang baru ditambahkan\",\"message\":\"keyboard-baru (Keyboard) di Lab A \\u2014 jumlah 1\",\"url\":\"http:\\/\\/inventaris.teknisitkj.my.id\\/sekretaris\\/inventaris\\/307\"}',NULL,'2026-07-21 00:23:58','2026-07-21 00:23:58'),('5e2465e9-449f-44ce-9602-5f09fe4cc0a7','App\\Notifications\\NewReportNotification','App\\Models\\User',3,'{\"type\":\"report\",\"icon\":\"report\",\"title\":\"Laporan Barang Rusak baru\",\"message\":\"Mouse di Lab A dilaporkan oleh Sekretaris Lab\",\"url\":\"http:\\/\\/inventaris.alzely.my.id\\/admin\\/reports\\/4\"}','2026-07-14 04:49:16','2026-07-13 23:35:45','2026-07-14 04:49:16'),('5e7ab61c-e1fb-4924-a160-fdc1b1d73cb9','App\\Notifications\\NewReportNotification','App\\Models\\User',1,'{\"type\":\"report\",\"icon\":\"report\",\"title\":\"Laporan Barang Rusak baru\",\"message\":\"Keyboard di Lab A dilaporkan oleh Pengurus Lab a\",\"url\":\"http:\\/\\/inventaris.teknisitkj.my.id\\/admin\\/reports\\/17\"}','2026-07-21 08:13:10','2026-07-21 07:48:21','2026-07-21 08:13:10'),('5ee4aff3-23d6-472b-803c-57b3475fe06f','App\\Notifications\\NewProcurementNotification','App\\Models\\User',7,'{\"type\":\"procurement\",\"icon\":\"procurement\",\"title\":\"Pengajuan barang baru\",\"message\":\"Router RB-941 (12 unit) diajukan oleh Pengurus Lab a\",\"url\":\"http:\\/\\/inventaris.teknisitkj.my.id\\/admin\\/procurements\\/15\"}',NULL,'2026-07-21 00:20:41','2026-07-21 00:20:41'),('5ff2a9b5-8e02-44ed-a345-f867351eea64','App\\Notifications\\NewItemNotification','App\\Models\\User',5,'{\"type\":\"item\",\"icon\":\"item\",\"title\":\"Barang baru ditambahkan\",\"message\":\"Router RB-941 (Router) di TEFA \\u2014 jumlah 12\",\"url\":\"http:\\/\\/inventaris.teknisitkj.my.id\\/sekretaris\\/inventaris\\/304\"}','2026-07-24 08:15:11','2026-07-14 06:53:44','2026-07-24 08:15:11'),('62cd8a33-2dca-4f39-9db5-b52a9069afce','App\\Notifications\\ProcurementStatusNotification','App\\Models\\User',6,'{\"type\":\"procurement-status\",\"icon\":\"procurement\",\"title\":\"Status pengajuan diperbarui\",\"message\":\"Router RB750 \\u2192 Sudah Dikembalikan\",\"url\":\"http:\\/\\/inventaris.teknisitkj.my.id\\/sekretaris\\/procurements\\/14\"}',NULL,'2026-07-21 02:39:10','2026-07-21 02:39:10'),('662a4ed6-8e28-4627-a7ef-7e389801aefd','App\\Notifications\\NewReportNotification','App\\Models\\User',1,'{\"type\":\"report\",\"icon\":\"report\",\"title\":\"Laporan Barang Rusak baru\",\"message\":\"Mouse di Lab B dilaporkan oleh Pengurus Lab a\",\"url\":\"http:\\/\\/inventaris.teknisitkj.my.id\\/admin\\/reports\\/19\"}','2026-07-21 08:13:10','2026-07-21 07:54:34','2026-07-21 08:13:10'),('6b042ad1-df4b-4984-969f-65cb7415835f','App\\Notifications\\NewItemNotification','App\\Models\\User',5,'{\"type\":\"item\",\"icon\":\"item\",\"title\":\"Barang baru ditambahkan\",\"message\":\"test1 (Komputer) di Lab A \\u2014 jumlah 1\",\"url\":\"http:\\/\\/inventaris.teknisitkj.my.id\\/sekretaris\\/inventaris\\/311\"}','2026-07-24 08:15:11','2026-07-21 07:24:24','2026-07-24 08:15:11'),('70a49b1e-0292-4908-b6af-18459469badc','App\\Notifications\\NewReportNotification','App\\Models\\User',7,'{\"type\":\"report\",\"icon\":\"report\",\"title\":\"Laporan Barang Rusak baru\",\"message\":\"Mouse di Lab B dilaporkan oleh Pengurus Lab a\",\"url\":\"http:\\/\\/inventaris.teknisitkj.my.id\\/admin\\/reports\\/19\"}',NULL,'2026-07-21 07:54:34','2026-07-21 07:54:34'),('70e858dd-9d30-4b63-8242-552c88f44723','App\\Notifications\\NewItemNotification','App\\Models\\User',6,'{\"type\":\"item\",\"icon\":\"item\",\"title\":\"Barang baru ditambahkan\",\"message\":\"mikrotik RB951UI (Router) di TEFA \\u2014 jumlah 24\",\"url\":\"http:\\/\\/inventaris.teknisitkj.my.id\\/sekretaris\\/inventaris\\/309\"}',NULL,'2026-07-21 03:14:00','2026-07-21 03:14:00'),('7102b31f-e4cc-45b7-9a94-abff2afaf644','App\\Notifications\\NewProcurementNotification','App\\Models\\User',1,'{\"type\":\"procurement\",\"icon\":\"procurement\",\"title\":\"Pengajuan barang baru\",\"message\":\"AP, Router, (12 unit) diajukan oleh Sekretaris Lab\",\"url\":\"http:\\/\\/inventaris.alzely.my.id\\/admin\\/procurements\\/2\"}','2026-07-13 07:49:16','2026-07-13 07:47:40','2026-07-13 07:49:16'),('71716f4c-456a-4c42-8134-8386310191e3','App\\Notifications\\NewReportNotification','App\\Models\\User',1,'{\"type\":\"report\",\"icon\":\"report\",\"title\":\"Laporan Barang Rusak baru\",\"message\":\"PC di Lab B dilaporkan oleh Sekretaris Lab\",\"url\":\"http:\\/\\/inventaris.alzely.my.id\\/admin\\/reports\\/6\"}','2026-07-14 04:35:50','2026-07-13 23:37:09','2026-07-14 04:35:50'),('737e7437-749e-4ee9-a893-25f1bb974ead','App\\Notifications\\NewReportNotification','App\\Models\\User',1,'{\"type\":\"report\",\"icon\":\"report\",\"title\":\"Laporan Barang Rusak baru\",\"message\":\"PC di Lab B dilaporkan oleh Pengurus Lab B\",\"url\":\"http:\\/\\/inventaris.teknisitkj.my.id\\/admin\\/reports\\/14\"}','2026-07-21 00:40:48','2026-07-20 01:43:19','2026-07-21 00:40:48'),('7433db84-ad5c-40ea-bd4c-bb8f578dee41','App\\Notifications\\NewItemNotification','App\\Models\\User',6,'{\"type\":\"item\",\"icon\":\"item\",\"title\":\"Barang baru ditambahkan\",\"message\":\"rois (Obeng +) di laboratorium rois \\u2014 jumlah 1\",\"url\":\"http:\\/\\/inventaris.teknisitkj.my.id\\/sekretaris\\/inventaris\\/306\"}',NULL,'2026-07-17 08:24:45','2026-07-17 08:24:45'),('748b9e63-74b2-4aa2-aef0-2c0c7385609f','App\\Notifications\\NewReportNotification','App\\Models\\User',3,'{\"type\":\"report\",\"icon\":\"report\",\"title\":\"Laporan Barang Rusak baru\",\"message\":\"PC di Lab B dilaporkan oleh Sekretaris Lab\",\"url\":\"http:\\/\\/inventaris.alzely.my.id\\/admin\\/reports\\/5\"}','2026-07-14 04:49:16','2026-07-13 23:36:38','2026-07-14 04:49:16'),('7581ad53-e3e1-4c19-ba0b-2c7c2a16d86f','App\\Notifications\\NewProcurementNotification','App\\Models\\User',7,'{\"type\":\"procurement\",\"icon\":\"procurement\",\"title\":\"Pengajuan barang baru\",\"message\":\"Splicer (11 unit) diajukan oleh Pengurus Lab a\",\"url\":\"http:\\/\\/inventaris.teknisitkj.my.id\\/admin\\/procurements\\/10\"}',NULL,'2026-07-16 01:15:15','2026-07-16 01:15:15'),('762fe11a-0b26-4b65-899d-881c82b0a94b','App\\Notifications\\NewReportNotification','App\\Models\\User',1,'{\"type\":\"report\",\"icon\":\"report\",\"title\":\"Laporan Barang Rusak baru\",\"message\":\"Keyboard di Lab A dilaporkan oleh Sekretaris Lab\",\"url\":\"http:\\/\\/inventaris.alzely.my.id\\/admin\\/reports\\/3\"}','2026-07-14 04:35:50','2026-07-13 12:01:22','2026-07-14 04:35:50'),('7637c63f-642e-4f91-bb86-06b4bba05b12','App\\Notifications\\NewItemNotification','App\\Models\\User',2,'{\"type\":\"item\",\"icon\":\"item\",\"title\":\"Barang baru ditambahkan\",\"message\":\"test1 (Komputer) di Lab A \\u2014 jumlah 1\",\"url\":\"http:\\/\\/inventaris.teknisitkj.my.id\\/sekretaris\\/inventaris\\/311\"}',NULL,'2026-07-21 07:24:24','2026-07-21 07:24:24'),('7bd53838-f5cb-407b-a522-e798682965a5','App\\Notifications\\NewReportNotification','App\\Models\\User',7,'{\"type\":\"report\",\"icon\":\"report\",\"title\":\"Laporan Barang Rusak baru\",\"message\":\"Mouse di Lab A dilaporkan oleh Pengurus Lab a\",\"url\":\"http:\\/\\/inventaris.teknisitkj.my.id\\/admin\\/reports\\/22\"}',NULL,'2026-07-21 07:58:35','2026-07-21 07:58:35'),('801d17cb-41e3-428d-b264-7be832854e63','App\\Notifications\\NewReportNotification','App\\Models\\User',1,'{\"type\":\"report\",\"icon\":\"report\",\"title\":\"Laporan Barang Rusak baru\",\"message\":\"Keyboard di Lab B dilaporkan oleh Pengurus Lab a\",\"url\":\"http:\\/\\/inventaris.teknisitkj.my.id\\/admin\\/reports\\/21\"}','2026-07-21 08:13:10','2026-07-21 07:56:45','2026-07-21 08:13:10'),('8068a47b-2c62-4bc8-a16d-676c4713a2cf','App\\Notifications\\NewReportNotification','App\\Models\\User',1,'{\"type\":\"report\",\"icon\":\"report\",\"title\":\"Laporan Barang Rusak baru\",\"message\":\"PC di Lab B dilaporkan oleh Pengurus Lab a\",\"url\":\"http:\\/\\/inventaris.teknisitkj.my.id\\/admin\\/reports\\/16\"}','2026-07-21 00:40:48','2026-07-21 00:09:26','2026-07-21 00:40:48'),('809a86c7-e3aa-438e-9e49-122c1e7c821c','App\\Notifications\\NewReportNotification','App\\Models\\User',1,'{\"type\":\"report\",\"icon\":\"report\",\"title\":\"Laporan Barang Hilang baru\",\"message\":\"Keyboard di Lab B dilaporkan oleh Sekretaris Lab\",\"url\":\"http:\\/\\/inventaris.alzely.my.id\\/admin\\/reports\\/1\"}','2026-07-13 04:26:00','2026-07-13 04:25:14','2026-07-13 04:26:00'),('82188f78-fedb-4cba-930e-5d17d8a352e8','App\\Notifications\\ProcurementStatusNotification','App\\Models\\User',5,'{\"type\":\"procurement-status\",\"icon\":\"procurement\",\"title\":\"Status pengajuan diperbarui\",\"message\":\"Keyboard \\u2192 Disetujui\",\"url\":\"http:\\/\\/inventaris.teknisitkj.my.id\\/sekretaris\\/procurements\\/17\"}','2026-07-24 08:15:11','2026-07-21 08:06:26','2026-07-24 08:15:11'),('82baaae4-3f87-47c9-917d-f28c16acba07','App\\Notifications\\NewReportNotification','App\\Models\\User',4,'{\"type\":\"report\",\"icon\":\"report\",\"title\":\"Laporan Barang Rusak baru\",\"message\":\"Keyboard di Lab A dilaporkan oleh Sekretaris Lab\",\"url\":\"http:\\/\\/inventaris.teknisitkj.my.id\\/admin\\/reports\\/13\"}',NULL,'2026-07-14 05:01:35','2026-07-14 05:01:35'),('843f0d44-7213-483d-be17-10a2cfe138cb','App\\Notifications\\NewItemNotification','App\\Models\\User',5,'{\"type\":\"item\",\"icon\":\"item\",\"title\":\"Barang baru ditambahkan\",\"message\":\"rois (Obeng +) di laboratorium rois \\u2014 jumlah 1\",\"url\":\"http:\\/\\/inventaris.teknisitkj.my.id\\/sekretaris\\/inventaris\\/306\"}','2026-07-24 08:15:11','2026-07-17 08:24:45','2026-07-24 08:15:11'),('85636825-7958-44e9-8b67-86a2ed16ac1c','App\\Notifications\\NewProcurementNotification','App\\Models\\User',7,'{\"type\":\"procurement\",\"icon\":\"procurement\",\"title\":\"Pengajuan barang baru\",\"message\":\"Keyboard (1 unit) diajukan oleh Pengurus Lab a\",\"url\":\"http:\\/\\/inventaris.teknisitkj.my.id\\/admin\\/procurements\\/17\"}',NULL,'2026-07-21 08:05:20','2026-07-21 08:05:20'),('876fb092-14d4-401b-905c-06b3c7020436','App\\Notifications\\NewItemNotification','App\\Models\\User',5,'{\"type\":\"item\",\"icon\":\"item\",\"title\":\"Barang baru ditambahkan\",\"message\":\"Splicer (Splicer) di TEFA \\u2014 jumlah 12\",\"url\":\"http:\\/\\/inventaris.teknisitkj.my.id\\/sekretaris\\/inventaris\\/305\"}','2026-07-24 08:15:11','2026-07-16 01:14:21','2026-07-24 08:15:11'),('87d44b20-780a-4470-b4df-056646d8fc70','App\\Notifications\\ProcurementStatusNotification','App\\Models\\User',5,'{\"type\":\"procurement-status\",\"icon\":\"procurement\",\"title\":\"Status pengajuan diperbarui\",\"message\":\"Router RB-941 \\u2192 Ditolak\",\"url\":\"http:\\/\\/inventaris.teknisitkj.my.id\\/sekretaris\\/procurements\\/7\"}','2026-07-24 08:15:11','2026-07-14 07:19:00','2026-07-24 08:15:11'),('895c8eb7-5830-453a-90fd-d85ab2983d3c','App\\Notifications\\NewReportNotification','App\\Models\\User',1,'{\"type\":\"report\",\"icon\":\"report\",\"title\":\"Laporan Barang Rusak baru\",\"message\":\"Keyboard di Lab A dilaporkan oleh Sekretaris Lab\",\"url\":\"http:\\/\\/inventaris.teknisitkj.my.id\\/admin\\/reports\\/13\"}','2026-07-14 05:01:54','2026-07-14 05:01:35','2026-07-14 05:01:54'),('8c401b1b-012c-405d-bb40-eb9cf897d9a4','App\\Notifications\\ProcurementStatusNotification','App\\Models\\User',6,'{\"type\":\"procurement-status\",\"icon\":\"procurement\",\"title\":\"Status pengajuan diperbarui\",\"message\":\"- \\u2192 Disetujui\",\"url\":\"http:\\/\\/inventaris.teknisitkj.my.id\\/sekretaris\\/procurements\\/16\"}',NULL,'2026-07-21 08:06:00','2026-07-21 08:06:00'),('8de48b33-5caa-41b4-8b55-4b06ab5fca73','App\\Notifications\\NewReportNotification','App\\Models\\User',7,'{\"type\":\"report\",\"icon\":\"report\",\"title\":\"Laporan Barang Rusak baru\",\"message\":\"PC di Lab B dilaporkan oleh Pengurus Lab a\",\"url\":\"http:\\/\\/inventaris.teknisitkj.my.id\\/admin\\/reports\\/16\"}',NULL,'2026-07-21 00:09:26','2026-07-21 00:09:26'),('91360fa0-d7be-42d4-8015-34406d44c794','App\\Notifications\\NewItemNotification','App\\Models\\User',2,'{\"type\":\"item\",\"icon\":\"item\",\"title\":\"Barang baru ditambahkan\",\"message\":\"rois (Mouse) di Lab B \\u2014 jumlah 1\",\"url\":\"http:\\/\\/inventaris.alzely.my.id\\/sekretaris\\/inventaris\\/300\"}','2026-07-13 04:24:34','2026-07-13 03:42:27','2026-07-13 04:24:34'),('9449db8a-f52d-4ca5-9a92-4500ecce9322','App\\Notifications\\NewReportNotification','App\\Models\\User',3,'{\"type\":\"report\",\"icon\":\"report\",\"title\":\"Laporan Barang Hilang baru\",\"message\":\"Mouse di Lab A dilaporkan oleh Sekretaris Lab\",\"url\":\"http:\\/\\/inventaris.alzely.my.id\\/admin\\/reports\\/12\"}','2026-07-14 04:49:16','2026-07-13 23:40:33','2026-07-14 04:49:16'),('9a050f66-2a6f-457e-b3a2-8377537afa96','App\\Notifications\\NewProcurementNotification','App\\Models\\User',1,'{\"type\":\"procurement\",\"icon\":\"procurement\",\"title\":\"Pengajuan barang baru\",\"message\":\"Router RB750 (6 unit) diajukan oleh Pengurus Lab B\",\"url\":\"http:\\/\\/inventaris.teknisitkj.my.id\\/admin\\/procurements\\/14\"}','2026-07-20 05:41:07','2026-07-20 02:03:03','2026-07-20 05:41:07'),('9a5f3c03-9df1-47f1-a98d-0f9fcf7c3298','App\\Notifications\\NewItemNotification','App\\Models\\User',5,'{\"type\":\"item\",\"icon\":\"item\",\"title\":\"Barang baru ditambahkan\",\"message\":\"mikrotik RB951UI (Router) di TEFA \\u2014 jumlah 24\",\"url\":\"http:\\/\\/inventaris.teknisitkj.my.id\\/sekretaris\\/inventaris\\/309\"}','2026-07-24 08:15:11','2026-07-21 03:14:00','2026-07-24 08:15:11'),('9b72d2c8-dbc3-4a71-ad2e-1fb766728fb0','App\\Notifications\\NewItemNotification','App\\Models\\User',5,'{\"type\":\"item\",\"icon\":\"item\",\"title\":\"Barang baru ditambahkan\",\"message\":\"lan (Kabel LAN) di Lab A \\u2014 jumlah 1\",\"url\":\"http:\\/\\/inventaris.teknisitkj.my.id\\/sekretaris\\/inventaris\\/310\"}','2026-07-24 08:15:11','2026-07-21 06:29:37','2026-07-24 08:15:11'),('a208af2c-34ee-4f06-ac3f-6a63720b6e80','App\\Notifications\\NewProcurementNotification','App\\Models\\User',7,'{\"type\":\"procurement\",\"icon\":\"procurement\",\"title\":\"Pengajuan barang baru\",\"message\":\"Splicer (13 unit) diajukan oleh Pengurus Lab B\",\"url\":\"http:\\/\\/inventaris.teknisitkj.my.id\\/admin\\/procurements\\/13\"}',NULL,'2026-07-16 02:08:19','2026-07-16 02:08:19'),('a35629f4-8468-43a6-a6de-7de165219cbb','App\\Notifications\\ProcurementStatusNotification','App\\Models\\User',5,'{\"type\":\"procurement-status\",\"icon\":\"procurement\",\"title\":\"Status pengajuan diperbarui\",\"message\":\"Router RB-941 \\u2192 Disetujui\",\"url\":\"http:\\/\\/inventaris.teknisitkj.my.id\\/sekretaris\\/procurements\\/15\"}','2026-07-24 08:15:11','2026-07-21 00:31:18','2026-07-24 08:15:11'),('a47e5980-03a6-4466-a213-7fdadf06ee0b','App\\Notifications\\NewProcurementNotification','App\\Models\\User',1,'{\"type\":\"procurement\",\"icon\":\"procurement\",\"title\":\"Pengajuan barang baru\",\"message\":\"Router RB-941 (12 unit) diajukan oleh Pengurus Lab a\",\"url\":\"http:\\/\\/inventaris.teknisitkj.my.id\\/admin\\/procurements\\/11\"}','2026-07-21 00:40:48','2026-07-16 02:05:48','2026-07-21 00:40:48'),('a53f5a8f-a5a1-427f-9e17-8aa34a4973bb','App\\Notifications\\NewItemNotification','App\\Models\\User',6,'{\"type\":\"item\",\"icon\":\"item\",\"title\":\"Barang baru ditambahkan\",\"message\":\"Router RB-941 (Router) di TEFA \\u2014 jumlah 12\",\"url\":\"http:\\/\\/inventaris.teknisitkj.my.id\\/sekretaris\\/inventaris\\/304\"}',NULL,'2026-07-14 06:53:44','2026-07-14 06:53:44'),('a8385c12-7c49-40f1-96be-b4506f656aa9','App\\Notifications\\NewProcurementNotification','App\\Models\\User',1,'{\"type\":\"procurement\",\"icon\":\"procurement\",\"title\":\"Pengajuan barang baru\",\"message\":\"Keyboard (1 unit) diajukan oleh Pengurus Lab a\",\"url\":\"http:\\/\\/inventaris.teknisitkj.my.id\\/admin\\/procurements\\/17\"}','2026-07-21 08:13:10','2026-07-21 08:05:20','2026-07-21 08:13:10'),('aaf57562-21b8-4ec6-a45c-bc912ae22127','App\\Notifications\\ProcurementStatusNotification','App\\Models\\User',5,'{\"type\":\"procurement-status\",\"icon\":\"procurement\",\"title\":\"Status pengajuan diperbarui\",\"message\":\"Router RB-941 \\u2192 Menunggu\",\"url\":\"http:\\/\\/inventaris.teknisitkj.my.id\\/sekretaris\\/procurements\\/7\"}','2026-07-24 08:15:11','2026-07-14 07:41:34','2026-07-24 08:15:11'),('ab65b58b-7adc-4bd0-b276-f630e2b12ccc','App\\Notifications\\NewReportNotification','App\\Models\\User',1,'{\"type\":\"report\",\"icon\":\"report\",\"title\":\"Laporan Barang Rusak baru\",\"message\":\"PC di Lab B dilaporkan oleh Sekretaris Lab\",\"url\":\"http:\\/\\/inventaris.alzely.my.id\\/admin\\/reports\\/11\"}','2026-07-14 04:35:50','2026-07-13 23:39:42','2026-07-14 04:35:50'),('ab681f29-55b0-4ddd-af18-9e2dabf0a9f1','App\\Notifications\\NewReportNotification','App\\Models\\User',1,'{\"type\":\"report\",\"icon\":\"report\",\"title\":\"Laporan Barang Rusak baru\",\"message\":\"Mouse di Lab A dilaporkan oleh Pengurus Lab a\",\"url\":\"http:\\/\\/inventaris.teknisitkj.my.id\\/admin\\/reports\\/22\"}','2026-07-21 08:13:10','2026-07-21 07:58:35','2026-07-21 08:13:10'),('ad576844-4471-4b8a-b58b-8cfc6e15cdcb','App\\Notifications\\NewReportNotification','App\\Models\\User',1,'{\"type\":\"report\",\"icon\":\"report\",\"title\":\"Laporan Barang Rusak baru\",\"message\":\"PC di Lab B dilaporkan oleh Sekretaris Lab\",\"url\":\"http:\\/\\/inventaris.alzely.my.id\\/admin\\/reports\\/10\"}','2026-07-14 04:35:50','2026-07-13 23:39:24','2026-07-14 04:35:50'),('ad595dac-a481-4f82-a02d-16a30dda0631','App\\Notifications\\NewProcurementNotification','App\\Models\\User',1,'{\"type\":\"procurement\",\"icon\":\"procurement\",\"title\":\"Pengajuan barang baru\",\"message\":\"Router RB-941 (13 unit) diajukan oleh Pengurus Lab B\",\"url\":\"http:\\/\\/inventaris.teknisitkj.my.id\\/admin\\/procurements\\/12\"}','2026-07-21 00:40:48','2026-07-16 02:07:22','2026-07-21 00:40:48'),('afc47aaf-ac52-468f-8e3e-2583215e6706','App\\Notifications\\NewReportNotification','App\\Models\\User',1,'{\"type\":\"report\",\"icon\":\"report\",\"title\":\"Laporan Barang Rusak baru\",\"message\":\"PC di Lab B dilaporkan oleh Sekretaris Lab\",\"url\":\"http:\\/\\/inventaris.alzely.my.id\\/admin\\/reports\\/8\"}','2026-07-14 04:35:50','2026-07-13 23:38:10','2026-07-14 04:35:50'),('b562bb90-9b0c-4bf0-b74a-3341a06cc05c','App\\Notifications\\NewItemNotification','App\\Models\\User',2,'{\"type\":\"item\",\"icon\":\"item\",\"title\":\"Barang baru ditambahkan\",\"message\":\"Router RB-941 (Router) di TEFA \\u2014 jumlah 12\",\"url\":\"http:\\/\\/inventaris.teknisitkj.my.id\\/sekretaris\\/inventaris\\/304\"}',NULL,'2026-07-14 06:53:44','2026-07-14 06:53:44'),('b5a00112-7356-41a9-8a1d-e7a3e9910ef3','App\\Notifications\\NewProcurementNotification','App\\Models\\User',1,'{\"type\":\"procurement\",\"icon\":\"procurement\",\"title\":\"Pengajuan barang baru\",\"message\":\"Router RB-941 (12 unit) diajukan oleh Pengurus Lab a\",\"url\":\"http:\\/\\/inventaris.teknisitkj.my.id\\/admin\\/procurements\\/15\"}','2026-07-21 00:40:42','2026-07-21 00:20:41','2026-07-21 00:40:42'),('b600b917-3c2a-4c76-984a-4dd60247f853','App\\Notifications\\ProcurementStatusNotification','App\\Models\\User',5,'{\"type\":\"procurement-status\",\"icon\":\"procurement\",\"title\":\"Status pengajuan diperbarui\",\"message\":\"Router RB-941 \\u2192 Sudah Dikembalikan\",\"url\":\"http:\\/\\/inventaris.teknisitkj.my.id\\/sekretaris\\/procurements\\/8\"}','2026-07-24 08:15:11','2026-07-14 09:00:28','2026-07-24 08:15:11'),('b89c6df1-89ad-4afa-9007-d0d37d99384d','App\\Notifications\\NewItemNotification','App\\Models\\User',2,'{\"type\":\"item\",\"icon\":\"item\",\"title\":\"Barang baru ditambahkan\",\"message\":\"Spicer (Fiber Optic) di TEFA \\u2014 jumlah 1\",\"url\":\"http:\\/\\/inventaris.teknisitkj.my.id\\/sekretaris\\/inventaris\\/313\"}',NULL,'2026-07-24 08:43:59','2026-07-24 08:43:59'),('b9f8a68b-bf2b-47c4-8797-03267cc059f9','App\\Notifications\\NewItemNotification','App\\Models\\User',2,'{\"type\":\"item\",\"icon\":\"item\",\"title\":\"Barang baru ditambahkan\",\"message\":\"test1 (Komputer) di test3 \\u2014 jumlah 1\",\"url\":\"http:\\/\\/inventaris.teknisitkj.my.id\\/sekretaris\\/inventaris\\/312\"}',NULL,'2026-07-21 07:39:22','2026-07-21 07:39:22'),('ba1d6771-7bfa-4e52-a602-9d391c26d365','App\\Notifications\\NewItemNotification','App\\Models\\User',6,'{\"type\":\"item\",\"icon\":\"item\",\"title\":\"Barang baru ditambahkan\",\"message\":\"keyboard-baru (Keyboard) di Lab A \\u2014 jumlah 1\",\"url\":\"http:\\/\\/inventaris.teknisitkj.my.id\\/sekretaris\\/inventaris\\/307\"}',NULL,'2026-07-21 00:23:58','2026-07-21 00:23:58'),('bbce7e90-7c4f-46a3-9484-9c37273407e7','App\\Notifications\\NewProcurementNotification','App\\Models\\User',7,'{\"type\":\"procurement\",\"icon\":\"procurement\",\"title\":\"Pengajuan barang baru\",\"message\":\"Router RB-941 (12 unit) diajukan oleh Pengurus Lab a\",\"url\":\"http:\\/\\/inventaris.teknisitkj.my.id\\/admin\\/procurements\\/11\"}',NULL,'2026-07-16 02:05:48','2026-07-16 02:05:48'),('bc68f3d9-a1cf-475d-8e2a-cb1cef0bf947','App\\Notifications\\NewProcurementNotification','App\\Models\\User',7,'{\"type\":\"procurement\",\"icon\":\"procurement\",\"title\":\"Pengajuan barang baru\",\"message\":\"Router RB-941 (1 unit) diajukan oleh Pengurus Lab a\",\"url\":\"http:\\/\\/inventaris.teknisitkj.my.id\\/admin\\/procurements\\/9\"}',NULL,'2026-07-16 01:12:57','2026-07-16 01:12:57'),('bef0949f-0825-4935-9a19-1b2369520b38','App\\Notifications\\NewProcurementNotification','App\\Models\\User',3,'{\"type\":\"procurement\",\"icon\":\"procurement\",\"title\":\"Pengajuan barang baru\",\"message\":\"Mikrotik RB941 (12 unit) diajukan oleh Sekretaris Lab\",\"url\":\"http:\\/\\/inventaris.teknisitkj.my.id\\/admin\\/procurements\\/3\"}','2026-07-14 04:49:16','2026-07-14 04:35:26','2026-07-14 04:49:16'),('c5dbe13f-83dd-48e4-a004-45f8a880c4ba','App\\Notifications\\NewProcurementNotification','App\\Models\\User',7,'{\"type\":\"procurement\",\"icon\":\"procurement\",\"title\":\"Pengajuan barang baru\",\"message\":\"Router RB-941 (13 unit) diajukan oleh Pengurus Lab a\",\"url\":\"http:\\/\\/inventaris.teknisitkj.my.id\\/admin\\/procurements\\/6\"}',NULL,'2026-07-14 06:55:16','2026-07-14 06:55:16'),('c7a51707-2a9d-48cf-8e21-dae46234ccd5','App\\Notifications\\NewProcurementNotification','App\\Models\\User',4,'{\"type\":\"procurement\",\"icon\":\"procurement\",\"title\":\"Pengajuan barang baru\",\"message\":\"Mikrotik RB941 (12 unit) diajukan oleh Sekretaris Lab\",\"url\":\"http:\\/\\/inventaris.teknisitkj.my.id\\/admin\\/procurements\\/3\"}',NULL,'2026-07-14 04:35:26','2026-07-14 04:35:26'),('cb5e685a-c995-46e9-8273-2a568977d929','App\\Notifications\\NewReportNotification','App\\Models\\User',1,'{\"type\":\"report\",\"icon\":\"report\",\"title\":\"Laporan Barang Rusak baru\",\"message\":\"Keyboard di Lab B dilaporkan oleh Pengurus Lab a\",\"url\":\"http:\\/\\/inventaris.teknisitkj.my.id\\/admin\\/reports\\/20\"}','2026-07-21 08:13:10','2026-07-21 07:55:00','2026-07-21 08:13:10'),('cdbdb1a8-90b2-4a27-a66b-4b8861277c7f','App\\Notifications\\NewItemNotification','App\\Models\\User',2,'{\"type\":\"item\",\"icon\":\"item\",\"title\":\"Barang baru ditambahkan\",\"message\":\"sampah (MikroTik) di Lab A \\u2014 jumlah 1\",\"url\":\"http:\\/\\/inventaris.teknisitkj.my.id\\/sekretaris\\/inventaris\\/303\"}',NULL,'2026-07-14 06:23:37','2026-07-14 06:23:37'),('d0de5895-f47f-42c0-a435-b17f51a9fc7d','App\\Notifications\\NewItemNotification','App\\Models\\User',9,'{\"type\":\"item\",\"icon\":\"item\",\"title\":\"Barang baru ditambahkan\",\"message\":\"Spicer (Fiber Optic) di TEFA \\u2014 jumlah 1\",\"url\":\"http:\\/\\/inventaris.teknisitkj.my.id\\/sekretaris\\/inventaris\\/313\"}',NULL,'2026-07-24 08:43:59','2026-07-24 08:43:59'),('d0ee0787-95da-4cbe-88c3-cd61e652b399','App\\Notifications\\NewReportNotification','App\\Models\\User',1,'{\"type\":\"report\",\"icon\":\"report\",\"title\":\"Laporan Barang Rusak baru\",\"message\":\"Mouse di Lab A dilaporkan oleh Sekretaris Lab\",\"url\":\"http:\\/\\/inventaris.alzely.my.id\\/admin\\/reports\\/4\"}','2026-07-14 04:35:50','2026-07-13 23:35:45','2026-07-14 04:35:50'),('d16bc8d0-c5bf-49f2-a477-113d857f660d','App\\Notifications\\NewItemNotification','App\\Models\\User',6,'{\"type\":\"item\",\"icon\":\"item\",\"title\":\"Barang baru ditambahkan\",\"message\":\"test1 (Komputer) di test3 \\u2014 jumlah 1\",\"url\":\"http:\\/\\/inventaris.teknisitkj.my.id\\/sekretaris\\/inventaris\\/312\"}',NULL,'2026-07-21 07:39:22','2026-07-21 07:39:22'),('d4bf4433-54d9-448a-83c2-910b30a923e8','App\\Notifications\\NewReportNotification','App\\Models\\User',7,'{\"type\":\"report\",\"icon\":\"report\",\"title\":\"Laporan Barang Hilang baru\",\"message\":\"Keyboard di Lab A dilaporkan oleh Demosekretaris\",\"url\":\"http:\\/\\/inventaris.teknisitkj.my.id\\/admin\\/reports\\/24\"}',NULL,'2026-07-24 08:33:27','2026-07-24 08:33:27'),('d6bf94ff-6018-4f91-800d-89ca02291077','App\\Notifications\\NewProcurementNotification','App\\Models\\User',7,'{\"type\":\"procurement\",\"icon\":\"procurement\",\"title\":\"Pengajuan barang baru\",\"message\":\"Obeng + (20 unit) diajukan oleh Pengurus Lab a\",\"url\":\"http:\\/\\/inventaris.teknisitkj.my.id\\/admin\\/procurements\\/4\"}',NULL,'2026-07-14 06:41:09','2026-07-14 06:41:09'),('d846b623-3681-406d-8dcd-56095d822be4','App\\Notifications\\ProcurementStatusNotification','App\\Models\\User',5,'{\"type\":\"procurement-status\",\"icon\":\"procurement\",\"title\":\"Status pengajuan diperbarui\",\"message\":\"Obeng + \\u2192 Disetujui\",\"url\":\"http:\\/\\/inventaris.teknisitkj.my.id\\/sekretaris\\/procurements\\/4\"}','2026-07-14 06:41:48','2026-07-14 06:41:32','2026-07-14 06:41:48'),('d9e24bb8-45d3-4ba7-bbc1-5296a2b3ed31','App\\Notifications\\ProcurementStatusNotification','App\\Models\\User',5,'{\"type\":\"procurement-status\",\"icon\":\"procurement\",\"title\":\"Status pengajuan diperbarui\",\"message\":\"Router RB-941 \\u2192 Sudah Dikembalikan\",\"url\":\"http:\\/\\/inventaris.teknisitkj.my.id\\/sekretaris\\/procurements\\/7\"}','2026-07-24 08:15:11','2026-07-14 07:42:47','2026-07-24 08:15:11'),('dc45e868-64a5-4994-abaf-7db5cf4fb35c','App\\Notifications\\NewProcurementNotification','App\\Models\\User',1,'{\"type\":\"procurement\",\"icon\":\"procurement\",\"title\":\"Pengajuan barang baru\",\"message\":\"Mikrotik RB941 (12 unit) diajukan oleh Sekretaris Lab\",\"url\":\"http:\\/\\/inventaris.teknisitkj.my.id\\/admin\\/procurements\\/3\"}','2026-07-14 04:35:50','2026-07-14 04:35:26','2026-07-14 04:35:50'),('dc809602-805e-4e08-a439-79cc7a8e885f','App\\Notifications\\NewProcurementNotification','App\\Models\\User',1,'{\"type\":\"procurement\",\"icon\":\"procurement\",\"title\":\"Pengajuan barang baru\",\"message\":\"mikrotik RB951UI (12 unit) diajukan oleh Pengurus Lab B\",\"url\":\"http:\\/\\/inventaris.teknisitkj.my.id\\/admin\\/procurements\\/16\"}','2026-07-21 06:32:33','2026-07-21 06:19:16','2026-07-21 06:32:33'),('dc89f36c-fa69-422a-8ff7-e5c738470720','App\\Notifications\\NewProcurementNotification','App\\Models\\User',1,'{\"type\":\"procurement\",\"icon\":\"procurement\",\"title\":\"Pengajuan barang baru\",\"message\":\"lan (1 unit) diajukan oleh Pengurus Lab a\",\"url\":\"http:\\/\\/inventaris.teknisitkj.my.id\\/admin\\/procurements\\/5\"}','2026-07-14 07:44:30','2026-07-14 06:50:40','2026-07-14 07:44:30'),('dce59e7b-942b-4e84-be65-865e9bece3ec','App\\Notifications\\NewReportNotification','App\\Models\\User',1,'{\"type\":\"report\",\"icon\":\"report\",\"title\":\"Laporan Barang Rusak baru\",\"message\":\"Mouse di Lab B dilaporkan oleh Pengurus Lab B\",\"url\":\"http:\\/\\/inventaris.teknisitkj.my.id\\/admin\\/reports\\/15\"}','2026-07-21 00:40:48','2026-07-20 09:49:34','2026-07-21 00:40:48'),('dd7084fb-11f0-473b-aefa-009326b12381','App\\Notifications\\NewReportNotification','App\\Models\\User',1,'{\"type\":\"report\",\"icon\":\"report\",\"title\":\"Laporan Barang Rusak baru\",\"message\":\"PC di Lab B dilaporkan oleh Sekretaris Lab\",\"url\":\"http:\\/\\/inventaris.alzely.my.id\\/admin\\/reports\\/7\"}','2026-07-14 04:35:50','2026-07-13 23:37:43','2026-07-14 04:35:50'),('debb6704-f1a2-423f-9979-ec7d4fc0844f','App\\Notifications\\NewItemNotification','App\\Models\\User',6,'{\"type\":\"item\",\"icon\":\"item\",\"title\":\"Barang baru ditambahkan\",\"message\":\"sampah (MikroTik) di Lab A \\u2014 jumlah 1\",\"url\":\"http:\\/\\/inventaris.teknisitkj.my.id\\/sekretaris\\/inventaris\\/303\"}',NULL,'2026-07-14 06:23:38','2026-07-14 06:23:38'),('dec134a1-d7dd-40ae-a9e9-a2273d77a968','App\\Notifications\\NewItemNotification','App\\Models\\User',5,'{\"type\":\"item\",\"icon\":\"item\",\"title\":\"Barang baru ditambahkan\",\"message\":\"Spicer (Fiber Optic) di TEFA \\u2014 jumlah 1\",\"url\":\"http:\\/\\/inventaris.teknisitkj.my.id\\/sekretaris\\/inventaris\\/313\"}',NULL,'2026-07-24 08:43:59','2026-07-24 08:43:59'),('ded7f690-7079-4221-bc71-9fbd7c7eade0','App\\Notifications\\ProcurementStatusNotification','App\\Models\\User',2,'{\"type\":\"procurement-status\",\"icon\":\"procurement\",\"title\":\"Status pengajuan diperbarui\",\"message\":\"Starlink \\u2192 Ditolak\",\"url\":\"http:\\/\\/inventaris.alzely.my.id\\/sekretaris\\/procurements\\/1\"}','2026-07-13 04:30:32','2026-07-13 04:30:17','2026-07-13 04:30:32'),('e41c2bf6-c352-4bc7-8d8a-fdb6a244951b','App\\Notifications\\NewItemNotification','App\\Models\\User',6,'{\"type\":\"item\",\"icon\":\"item\",\"title\":\"Barang baru ditambahkan\",\"message\":\"keyboard (Komputer) di TEFA \\u2014 jumlah 1\",\"url\":\"http:\\/\\/inventaris.teknisitkj.my.id\\/sekretaris\\/inventaris\\/308\"}',NULL,'2026-07-21 01:17:59','2026-07-21 01:17:59'),('e74e19e4-b868-4ba0-a357-76a5e444998d','App\\Notifications\\ProcurementStatusNotification','App\\Models\\User',5,'{\"type\":\"procurement-status\",\"icon\":\"procurement\",\"title\":\"Status pengajuan diperbarui\",\"message\":\"Keyboard \\u2192 Menunggu\",\"url\":\"http:\\/\\/inventaris.teknisitkj.my.id\\/sekretaris\\/procurements\\/17\"}','2026-07-24 08:15:11','2026-07-21 08:06:24','2026-07-24 08:15:11'),('ecf3153b-d138-4243-bf7b-d1f383569e21','App\\Notifications\\NewProcurementNotification','App\\Models\\User',1,'{\"type\":\"procurement\",\"icon\":\"procurement\",\"title\":\"Pengajuan barang baru\",\"message\":\"Router RB-941 (10 unit) diajukan oleh Pengurus Lab a\",\"url\":\"http:\\/\\/inventaris.teknisitkj.my.id\\/admin\\/procurements\\/8\"}','2026-07-14 07:44:30','2026-07-14 07:44:24','2026-07-14 07:44:30'),('f3f0337f-ad6a-4e52-a76d-4d0f73bc6591','App\\Notifications\\NewItemNotification','App\\Models\\User',6,'{\"type\":\"item\",\"icon\":\"item\",\"title\":\"Barang baru ditambahkan\",\"message\":\"Spicer (Fiber Optic) di TEFA \\u2014 jumlah 1\",\"url\":\"http:\\/\\/inventaris.teknisitkj.my.id\\/sekretaris\\/inventaris\\/313\"}',NULL,'2026-07-24 08:43:59','2026-07-24 08:43:59'),('f4ab2015-8be7-4746-86de-1cf52af2aa44','App\\Notifications\\NewItemNotification','App\\Models\\User',5,'{\"type\":\"item\",\"icon\":\"item\",\"title\":\"Barang baru ditambahkan\",\"message\":\"keyboard-baru (Keyboard) di Lab A \\u2014 jumlah 1\",\"url\":\"http:\\/\\/inventaris.teknisitkj.my.id\\/sekretaris\\/inventaris\\/307\"}','2026-07-24 08:15:11','2026-07-21 00:23:58','2026-07-24 08:15:11'),('f6260be8-7bdf-44cc-b87a-c97f4b3094db','App\\Notifications\\NewProcurementNotification','App\\Models\\User',1,'{\"type\":\"procurement\",\"icon\":\"procurement\",\"title\":\"Pengajuan barang baru\",\"message\":\"Starlink (1 unit) diajukan oleh Sekretaris Lab\",\"url\":\"http:\\/\\/inventaris.alzely.my.id\\/admin\\/procurements\\/1\"}','2026-07-13 04:29:07','2026-07-13 04:28:50','2026-07-13 04:29:07'),('f6c5cbe7-6f75-4e42-9c00-28b2d631a34d','App\\Notifications\\NewReportNotification','App\\Models\\User',1,'{\"type\":\"report\",\"icon\":\"report\",\"title\":\"Laporan Barang Rusak baru\",\"message\":\"PC di Lab B dilaporkan oleh Sekretaris Lab\",\"url\":\"http:\\/\\/inventaris.alzely.my.id\\/admin\\/reports\\/5\"}','2026-07-14 04:35:50','2026-07-13 23:36:38','2026-07-14 04:35:50'),('fa236b7d-fb1b-4595-b640-93e3fd688081','App\\Notifications\\NewItemNotification','App\\Models\\User',5,'{\"type\":\"item\",\"icon\":\"item\",\"title\":\"Barang baru ditambahkan\",\"message\":\"test1 (Komputer) di test3 \\u2014 jumlah 1\",\"url\":\"http:\\/\\/inventaris.teknisitkj.my.id\\/sekretaris\\/inventaris\\/312\"}','2026-07-24 08:15:11','2026-07-21 07:39:22','2026-07-24 08:15:11'),('fc5080df-cb9e-48ff-9d8e-02bae367aa7f','App\\Notifications\\NewProcurementNotification','App\\Models\\User',3,'{\"type\":\"procurement\",\"icon\":\"procurement\",\"title\":\"Pengajuan barang baru\",\"message\":\"AP, Router, (12 unit) diajukan oleh Sekretaris Lab\",\"url\":\"http:\\/\\/inventaris.alzely.my.id\\/admin\\/procurements\\/2\"}','2026-07-13 23:32:32','2026-07-13 07:47:40','2026-07-13 23:32:32'),('fce2ab0c-93f4-4421-a645-845959e3e120','App\\Notifications\\ProcurementStatusNotification','App\\Models\\User',5,'{\"type\":\"procurement-status\",\"icon\":\"procurement\",\"title\":\"Status pengajuan diperbarui\",\"message\":\"Router RB-941 \\u2192 Disetujui\",\"url\":\"http:\\/\\/inventaris.teknisitkj.my.id\\/sekretaris\\/procurements\\/8\"}','2026-07-24 08:15:11','2026-07-14 07:45:10','2026-07-24 08:15:11'),('ff284f52-9f4c-460b-9849-e3893491c6bc','App\\Notifications\\NewReportNotification','App\\Models\\User',1,'{\"type\":\"report\",\"icon\":\"report\",\"title\":\"Laporan Barang Rusak baru\",\"message\":\"PC di Lab B dilaporkan oleh Sekretaris Lab\",\"url\":\"http:\\/\\/inventaris.alzely.my.id\\/admin\\/reports\\/9\"}','2026-07-14 04:35:50','2026-07-13 23:38:55','2026-07-14 04:35:50'),('ffc3f12e-5646-4a5a-a071-48b50a703e27','App\\Notifications\\NewReportNotification','App\\Models\\User',3,'{\"type\":\"report\",\"icon\":\"report\",\"title\":\"Laporan Barang Rusak baru\",\"message\":\"PC di Lab B dilaporkan oleh Sekretaris Lab\",\"url\":\"http:\\/\\/inventaris.alzely.my.id\\/admin\\/reports\\/10\"}','2026-07-14 04:49:16','2026-07-13 23:39:24','2026-07-14 04:49:16');
/*!40000 ALTER TABLE `notifications` ENABLE KEYS */;
UNLOCK TABLES;

--
-- Table structure for table `password_reset_tokens`
--

DROP TABLE IF EXISTS `password_reset_tokens`;
/*!40101 SET @saved_cs_client     = @@character_set_client */;
/*!40101 SET character_set_client = utf8mb4 */;
CREATE TABLE `password_reset_tokens` (
  `email` varchar(191) NOT NULL,
  `token` varchar(191) NOT NULL,
  `created_at` timestamp NULL DEFAULT NULL,
  PRIMARY KEY (`email`)
) ENGINE=InnoDB DEFAULT CHARSET=utf8mb4 COLLATE=utf8mb4_unicode_ci;
/*!40101 SET character_set_client = @saved_cs_client */;

--
-- Dumping data for table `password_reset_tokens`
--

LOCK TABLES `password_reset_tokens` WRITE;
/*!40000 ALTER TABLE `password_reset_tokens` DISABLE KEYS */;
/*!40000 ALTER TABLE `password_reset_tokens` ENABLE KEYS */;
UNLOCK TABLES;

--
-- Table structure for table `procurements`
--

DROP TABLE IF EXISTS `procurements`;
/*!40101 SET @saved_cs_client     = @@character_set_client */;
/*!40101 SET character_set_client = utf8mb4 */;
CREATE TABLE `procurements` (
  `id` bigint(20) unsigned NOT NULL AUTO_INCREMENT,
  `user_id` bigint(20) unsigned NOT NULL,
  `category_id` bigint(20) unsigned DEFAULT NULL,
  `item_id` bigint(20) unsigned DEFAULT NULL,
  `is_new_item` tinyint(1) NOT NULL DEFAULT 0,
  `nama_barang_baru` varchar(191) DEFAULT NULL,
  `jumlah` int(10) unsigned NOT NULL DEFAULT 1,
  `alasan` text DEFAULT NULL,
  `status` enum('menunggu','disetujui','ditolak','sudah_dibeli') NOT NULL DEFAULT 'menunggu',
  `catatan_admin` text DEFAULT NULL,
  `requested_at` timestamp NULL DEFAULT NULL,
  `created_at` timestamp NULL DEFAULT NULL,
  `updated_at` timestamp NULL DEFAULT NULL,
  `deleted_at` timestamp NULL DEFAULT NULL,
  PRIMARY KEY (`id`),
  KEY `procurements_user_id_foreign` (`user_id`),
  KEY `procurements_category_id_foreign` (`category_id`),
  KEY `procurements_item_id_foreign` (`item_id`),
  KEY `procurements_status_index` (`status`),
  CONSTRAINT `procurements_category_id_foreign` FOREIGN KEY (`category_id`) REFERENCES `categories` (`id`) ON DELETE SET NULL,
  CONSTRAINT `procurements_item_id_foreign` FOREIGN KEY (`item_id`) REFERENCES `items` (`id`) ON DELETE SET NULL,
  CONSTRAINT `procurements_user_id_foreign` FOREIGN KEY (`user_id`) REFERENCES `users` (`id`) ON DELETE CASCADE
) ENGINE=InnoDB AUTO_INCREMENT=18 DEFAULT CHARSET=utf8mb4 COLLATE=utf8mb4_unicode_ci;
/*!40101 SET character_set_client = @saved_cs_client */;

--
-- Dumping data for table `procurements`
--

LOCK TABLES `procurements` WRITE;
/*!40000 ALTER TABLE `procurements` DISABLE KEYS */;
/*!40000 ALTER TABLE `procurements` ENABLE KEYS */;
UNLOCK TABLES;

--
-- Table structure for table `repairs`
--

DROP TABLE IF EXISTS `repairs`;
/*!40101 SET @saved_cs_client     = @@character_set_client */;
/*!40101 SET character_set_client = utf8mb4 */;
CREATE TABLE `repairs` (
  `id` bigint(20) unsigned NOT NULL AUTO_INCREMENT,
  `item_id` bigint(20) unsigned NOT NULL,
  `report_id` bigint(20) unsigned DEFAULT NULL,
  `user_id` bigint(20) unsigned DEFAULT NULL,
  `tanggal` date NOT NULL,
  `deskripsi` text NOT NULL,
  `biaya` decimal(12,2) DEFAULT NULL,
  `status` enum('proses','selesai','gagal') NOT NULL DEFAULT 'proses',
  `created_at` timestamp NULL DEFAULT NULL,
  `updated_at` timestamp NULL DEFAULT NULL,
  PRIMARY KEY (`id`),
  KEY `repairs_item_id_foreign` (`item_id`),
  KEY `repairs_report_id_foreign` (`report_id`),
  KEY `repairs_user_id_foreign` (`user_id`),
  KEY `repairs_status_index` (`status`),
  CONSTRAINT `repairs_item_id_foreign` FOREIGN KEY (`item_id`) REFERENCES `items` (`id`) ON DELETE CASCADE,
  CONSTRAINT `repairs_report_id_foreign` FOREIGN KEY (`report_id`) REFERENCES `reports` (`id`) ON DELETE SET NULL,
  CONSTRAINT `repairs_user_id_foreign` FOREIGN KEY (`user_id`) REFERENCES `users` (`id`) ON DELETE SET NULL
) ENGINE=InnoDB AUTO_INCREMENT=3 DEFAULT CHARSET=utf8mb4 COLLATE=utf8mb4_unicode_ci;
/*!40101 SET character_set_client = @saved_cs_client */;

--
-- Dumping data for table `repairs`
--

LOCK TABLES `repairs` WRITE;
/*!40000 ALTER TABLE `repairs` DISABLE KEYS */;
/*!40000 ALTER TABLE `repairs` ENABLE KEYS */;
UNLOCK TABLES;

--
-- Table structure for table `reports`
--

DROP TABLE IF EXISTS `reports`;
/*!40101 SET @saved_cs_client     = @@character_set_client */;
/*!40101 SET character_set_client = utf8mb4 */;
CREATE TABLE `reports` (
  `id` bigint(20) unsigned NOT NULL AUTO_INCREMENT,
  `user_id` bigint(20) unsigned NOT NULL,
  `type` enum('rusak','hilang') NOT NULL,
  `lab_id` bigint(20) unsigned NOT NULL,
  `lab_group_id` bigint(20) unsigned DEFAULT NULL,
  `lab_table_id` bigint(20) unsigned DEFAULT NULL,
  `item_id` bigint(20) unsigned NOT NULL,
  `jumlah` int(10) unsigned NOT NULL DEFAULT 1,
  `keterangan` text DEFAULT NULL,
  `foto` varchar(191) DEFAULT NULL,
  `status` enum('dilaporkan','diproses','selesai') NOT NULL DEFAULT 'dilaporkan',
  `reported_at` timestamp NULL DEFAULT NULL,
  `created_at` timestamp NULL DEFAULT NULL,
  `updated_at` timestamp NULL DEFAULT NULL,
  `deleted_at` timestamp NULL DEFAULT NULL,
  PRIMARY KEY (`id`),
  KEY `reports_user_id_foreign` (`user_id`),
  KEY `reports_lab_group_id_foreign` (`lab_group_id`),
  KEY `reports_lab_table_id_foreign` (`lab_table_id`),
  KEY `reports_item_id_foreign` (`item_id`),
  KEY `reports_type_status_index` (`type`,`status`),
  KEY `reports_lab_id_type_index` (`lab_id`,`type`),
  KEY `reports_type_index` (`type`),
  KEY `reports_status_index` (`status`),
  CONSTRAINT `reports_item_id_foreign` FOREIGN KEY (`item_id`) REFERENCES `items` (`id`),
  CONSTRAINT `reports_lab_group_id_foreign` FOREIGN KEY (`lab_group_id`) REFERENCES `lab_groups` (`id`) ON DELETE SET NULL,
  CONSTRAINT `reports_lab_id_foreign` FOREIGN KEY (`lab_id`) REFERENCES `labs` (`id`),
  CONSTRAINT `reports_lab_table_id_foreign` FOREIGN KEY (`lab_table_id`) REFERENCES `lab_tables` (`id`) ON DELETE SET NULL,
  CONSTRAINT `reports_user_id_foreign` FOREIGN KEY (`user_id`) REFERENCES `users` (`id`) ON DELETE CASCADE
) ENGINE=InnoDB AUTO_INCREMENT=25 DEFAULT CHARSET=utf8mb4 COLLATE=utf8mb4_unicode_ci;
/*!40101 SET character_set_client = @saved_cs_client */;

--
-- Dumping data for table `reports`
--

LOCK TABLES `reports` WRITE;
/*!40000 ALTER TABLE `reports` DISABLE KEYS */;
/*!40000 ALTER TABLE `reports` ENABLE KEYS */;
UNLOCK TABLES;

--
-- Table structure for table `sessions`
--

DROP TABLE IF EXISTS `sessions`;
/*!40101 SET @saved_cs_client     = @@character_set_client */;
/*!40101 SET character_set_client = utf8mb4 */;
CREATE TABLE `sessions` (
  `id` varchar(191) NOT NULL,
  `user_id` bigint(20) unsigned DEFAULT NULL,
  `ip_address` varchar(45) DEFAULT NULL,
  `user_agent` text DEFAULT NULL,
  `payload` longtext NOT NULL,
  `last_activity` int(11) NOT NULL,
  PRIMARY KEY (`id`),
  KEY `sessions_user_id_index` (`user_id`),
  KEY `sessions_last_activity_index` (`last_activity`)
) ENGINE=InnoDB DEFAULT CHARSET=utf8mb4 COLLATE=utf8mb4_unicode_ci;
/*!40101 SET character_set_client = @saved_cs_client */;

--
-- Dumping data for table `sessions`
--

LOCK TABLES `sessions` WRITE;
/*!40000 ALTER TABLE `sessions` DISABLE KEYS */;
INSERT INTO `sessions` VALUES ('dK6AxKmLBlAYjdTAV2Wasmn6zw2PlitLNd0J6HSj',6,'127.0.0.1','Mozilla/5.0 (Linux; Android 10; K) AppleWebKit/537.36 (KHTML, like Gecko) Chrome/150.0.0.0 Mobile Safari/537.36','YTo1OntzOjY6Il90b2tlbiI7czo0MDoiWkZuUlFMaFlYQURNSndSdHNHMWllU2FaVkhTOHpNQW1veEp1RU5PTyI7czozOiJ1cmwiO2E6MDp7fXM6OToiX3ByZXZpb3VzIjthOjI6e3M6MzoidXJsIjtzOjU1OiJodHRwOi8vaW52ZW50YXJpcy50ZWtuaXNpdGtqLm15LmlkL3Nla3JldGFyaXMvZGFzaGJvYXJkIjtzOjU6InJvdXRlIjtzOjIwOiJzZWtyZXRhcmlzLmRhc2hib2FyZCI7fXM6NjoiX2ZsYXNoIjthOjI6e3M6Mzoib2xkIjthOjA6e31zOjM6Im5ldyI7YTowOnt9fXM6NTA6ImxvZ2luX3dlYl81OWJhMzZhZGRjMmIyZjk0MDE1ODBmMDE0YzdmNThlYTRlMzA5ODlkIjtpOjY7fQ==',1784881839),('f83QEBT8AiIeCtr2ny1lVd869xG4agQhixSmVexE',1,'127.0.0.1','Mozilla/5.0 (Windows NT 10.0; Win64; x64) AppleWebKit/537.36 (KHTML, like Gecko) Chrome/150.0.0.0 Safari/537.36','YTo1OntzOjY6Il90b2tlbiI7czo0MDoicktteVA3NHp1ZDUxSzEzRG94YjRBb3B4T1NodHFHMDRYMEJ0ZDMyOCI7czozOiJ1cmwiO2E6MDp7fXM6OToiX3ByZXZpb3VzIjthOjI6e3M6MzoidXJsIjtzOjUwOiJodHRwOi8vaW52ZW50YXJpcy50ZWtuaXNpdGtqLm15LmlkL2FkbWluL2Rhc2hib2FyZCI7czo1OiJyb3V0ZSI7czoxNToiYWRtaW4uZGFzaGJvYXJkIjt9czo2OiJfZmxhc2giO2E6Mjp7czozOiJvbGQiO2E6MDp7fXM6MzoibmV3IjthOjA6e319czo1MDoibG9naW5fd2ViXzU5YmEzNmFkZGMyYjJmOTQwMTU4MGYwMTRjN2Y1OGVhNGUzMDk4OWQiO2k6MTt9',1784878176),('i4LIiK3XOyLkCt3YQEakskMITMI9O8z7XOy3mwko',1,'127.0.0.1','Mozilla/5.0 (Windows NT 10.0; Win64; x64) AppleWebKit/537.36 (KHTML, like Gecko) Chrome/147.0.0.0 Safari/537.36','YTo1OntzOjY6Il90b2tlbiI7czo0MDoiNXdxMnpEelNFT2h4Z2ZkTmpONXcyaFNMaE9jRE9jck9lYU41aGJVVCI7czozOiJ1cmwiO2E6MDp7fXM6OToiX3ByZXZpb3VzIjthOjI6e3M6MzoidXJsIjtzOjUwOiJodHRwOi8vaW52ZW50YXJpcy50ZWtuaXNpdGtqLm15LmlkL2FkbWluL2Rhc2hib2FyZCI7czo1OiJyb3V0ZSI7czoxNToiYWRtaW4uZGFzaGJvYXJkIjt9czo2OiJfZmxhc2giO2E6Mjp7czozOiJvbGQiO2E6MDp7fXM6MzoibmV3IjthOjA6e319czo1MDoibG9naW5fd2ViXzU5YmEzNmFkZGMyYjJmOTQwMTU4MGYwMTRjN2Y1OGVhNGUzMDk4OWQiO2k6MTt9',1784881702),('JNdbceIkMXarzII3MKSbuQftERPlKi91F1WKOedn',1,'127.0.0.1','Mozilla/5.0 (Windows NT 10.0; Win64; x64) AppleWebKit/537.36 (KHTML, like Gecko) Chrome/150.0.0.0 Safari/537.36','YTo1OntzOjY6Il90b2tlbiI7czo0MDoicDRBYml2VEkwWjFVT3QzNlYwZTkyaHoxUXIxTXdEbEdFdGpyZUJhZiI7czozOiJ1cmwiO2E6MDp7fXM6OToiX3ByZXZpb3VzIjthOjI6e3M6MzoidXJsIjtzOjU3OiJodHRwOi8vaW52ZW50YXJpcy50ZWtuaXNpdGtqLm15LmlkL2FkbWluL2V4cG9ydC9pdGVtcy9wZGYiO3M6NToicm91dGUiO3M6MjI6ImFkbWluLmV4cG9ydC5pdGVtcy5wZGYiO31zOjY6Il9mbGFzaCI7YToyOntzOjM6Im9sZCI7YTowOnt9czozOiJuZXciO2E6MDp7fX1zOjUwOiJsb2dpbl93ZWJfNTliYTM2YWRkYzJiMmY5NDAxNTgwZjAxNGM3ZjU4ZWE0ZTMwOTg5ZCI7aToxO30=',1784882452),('JSeiqkeDClXKtAujCC2TrkbKdpPbd0p3bghFoxYf',1,'127.0.0.1','Mozilla/5.0 (Linux; Android 10; K) AppleWebKit/537.36 (KHTML, like Gecko) Chrome/150.0.0.0 Mobile Safari/537.36','YTo0OntzOjY6Il90b2tlbiI7czo0MDoiTFJDRW9rbGdjaXBlbDhEZ1FWYkRsa1lMYmJPd1Vod01mMTE1UWhYUiI7czo2OiJfZmxhc2giO2E6Mjp7czozOiJuZXciO2E6MDp7fXM6Mzoib2xkIjthOjA6e319czo5OiJfcHJldmlvdXMiO2E6Mjp7czozOiJ1cmwiO3M6NTU6Imh0dHA6Ly9pbnZlbnRhcmlzLnRla25pc2l0a2oubXkuaWQvYWRtaW4vcmVwYWlycy9jcmVhdGUiO3M6NToicm91dGUiO3M6MjA6ImFkbWluLnJlcGFpcnMuY3JlYXRlIjt9czo1MDoibG9naW5fd2ViXzU5YmEzNmFkZGMyYjJmOTQwMTU4MGYwMTRjN2Y1OGVhNGUzMDk4OWQiO2k6MTt9',1784889272),('NxBjEZ7vwgwmaF9e2bixGuAk9ZXDWsrFZkXtgseZ',5,'127.0.0.1','Mozilla/5.0 (Linux; Android 10; K) AppleWebKit/537.36 (KHTML, like Gecko) SamsungBrowser/30.0 Chrome/143.0.0.0 Mobile Safari/537.36','YTo1OntzOjY6Il90b2tlbiI7czo0MDoiSkdKODRkRGhTTTRCMkFuMncwWngxdnFHalRseGtUZWF5VmVFV0lMTyI7czozOiJ1cmwiO2E6MDp7fXM6OToiX3ByZXZpb3VzIjthOjI6e3M6MzoidXJsIjtzOjU1OiJodHRwOi8vaW52ZW50YXJpcy50ZWtuaXNpdGtqLm15LmlkL3Nla3JldGFyaXMvZGFzaGJvYXJkIjtzOjU6InJvdXRlIjtzOjIwOiJzZWtyZXRhcmlzLmRhc2hib2FyZCI7fXM6NjoiX2ZsYXNoIjthOjI6e3M6Mzoib2xkIjthOjA6e31zOjM6Im5ldyI7YTowOnt9fXM6NTA6ImxvZ2luX3dlYl81OWJhMzZhZGRjMmIyZjk0MDE1ODBmMDE0YzdmNThlYTRlMzA5ODlkIjtpOjU7fQ==',1784899248),('NZC2ycViKHpMsIXepLx3f6KTOSY5m4zrehhehc7A',8,'127.0.0.1','Mozilla/5.0 (Windows NT 10.0; Win64; x64) AppleWebKit/537.36 (KHTML, like Gecko) Chrome/150.0.0.0 Safari/537.36','YTo0OntzOjY6Il90b2tlbiI7czo0MDoiRzdRejFleE9oNnJ0dEdmSmRoR3VwaXVOS1pBandUcFllNjFzN1BqaSI7czo2OiJfZmxhc2giO2E6Mjp7czozOiJuZXciO2E6MDp7fXM6Mzoib2xkIjthOjA6e319czo5OiJfcHJldmlvdXMiO2E6Mjp7czozOiJ1cmwiO3M6NTA6Imh0dHA6Ly9pbnZlbnRhcmlzLnRla25pc2l0a2oubXkuaWQvYWRtaW4vZGFzaGJvYXJkIjtzOjU6InJvdXRlIjtzOjE1OiJhZG1pbi5kYXNoYm9hcmQiO31zOjUwOiJsb2dpbl93ZWJfNTliYTM2YWRkYzJiMmY5NDAxNTgwZjAxNGM3ZjU4ZWE0ZTMwOTg5ZCI7aTo4O30=',1784882946);
/*!40000 ALTER TABLE `sessions` ENABLE KEYS */;
UNLOCK TABLES;

--
-- Table structure for table `stock_audits`
--

DROP TABLE IF EXISTS `stock_audits`;
/*!40101 SET @saved_cs_client     = @@character_set_client */;
/*!40101 SET character_set_client = utf8mb4 */;
CREATE TABLE `stock_audits` (
  `id` bigint(20) unsigned NOT NULL AUTO_INCREMENT,
  `item_id` bigint(20) unsigned NOT NULL,
  `user_id` bigint(20) unsigned DEFAULT NULL,
  `jumlah_tercatat` int(10) unsigned NOT NULL,
  `jumlah_fisik` int(10) unsigned NOT NULL,
  `selisih` int(11) NOT NULL,
  `keterangan` text DEFAULT NULL,
  `tanggal` date NOT NULL,
  `created_at` timestamp NULL DEFAULT NULL,
  `updated_at` timestamp NULL DEFAULT NULL,
  PRIMARY KEY (`id`),
  KEY `stock_audits_user_id_foreign` (`user_id`),
  KEY `stock_audits_item_id_tanggal_index` (`item_id`,`tanggal`),
  CONSTRAINT `stock_audits_item_id_foreign` FOREIGN KEY (`item_id`) REFERENCES `items` (`id`) ON DELETE CASCADE,
  CONSTRAINT `stock_audits_user_id_foreign` FOREIGN KEY (`user_id`) REFERENCES `users` (`id`) ON DELETE SET NULL
) ENGINE=InnoDB AUTO_INCREMENT=4 DEFAULT CHARSET=utf8mb4 COLLATE=utf8mb4_unicode_ci;
/*!40101 SET character_set_client = @saved_cs_client */;

--
-- Dumping data for table `stock_audits`
--

LOCK TABLES `stock_audits` WRITE;
/*!40000 ALTER TABLE `stock_audits` DISABLE KEYS */;
INSERT INTO `stock_audits` VALUES (3,3,8,1,2,1,NULL,'2026-07-24','2026-07-24 08:48:19','2026-07-24 08:48:19');
/*!40000 ALTER TABLE `stock_audits` ENABLE KEYS */;
UNLOCK TABLES;

--
-- Table structure for table `users`
--

DROP TABLE IF EXISTS `users`;
/*!40101 SET @saved_cs_client     = @@character_set_client */;
/*!40101 SET character_set_client = utf8mb4 */;
CREATE TABLE `users` (
  `id` bigint(20) unsigned NOT NULL AUTO_INCREMENT,
  `name` varchar(191) NOT NULL,
  `username` varchar(191) NOT NULL,
  `password` varchar(191) NOT NULL,
  `role` enum('admin','sekretaris') NOT NULL DEFAULT 'sekretaris',
  `is_active` tinyint(1) NOT NULL DEFAULT 1,
  `remember_token` varchar(100) DEFAULT NULL,
  `created_at` timestamp NULL DEFAULT NULL,
  `updated_at` timestamp NULL DEFAULT NULL,
  `deleted_at` timestamp NULL DEFAULT NULL,
  PRIMARY KEY (`id`),
  UNIQUE KEY `users_username_unique` (`username`),
  KEY `users_role_index` (`role`),
  KEY `users_is_active_index` (`is_active`)
) ENGINE=InnoDB AUTO_INCREMENT=10 DEFAULT CHARSET=utf8mb4 COLLATE=utf8mb4_unicode_ci;
/*!40101 SET character_set_client = @saved_cs_client */;

--
-- Dumping data for table `users`
--

LOCK TABLES `users` WRITE;
/*!40000 ALTER TABLE `users` DISABLE KEYS */;
INSERT INTO `users` VALUES (1,'Administrator Lab','admin','$2y$12$ioTki15d2t.bdrXQ5uHDX.QWhwMqns8zOesiP3UUQe5YLNNVesSZy','admin',1,'aNjJ3NRZ0jlNGkMVugl0xdcb7u13U7bqWJYEibrW3kw0P2GYOyr5juGByeJO','2026-07-13 03:03:08','2026-07-14 06:19:40',NULL),(2,'Sekretaris Lab','sekretaris','$2y$12$myXhRzaE7eayfvh1LPUzPekQhsP7Ou.Hu39zrkqdZGJpE0f7T864K','sekretaris',1,'9WDH9z6guu0NyGLta24XBQvfY9vH4LEhdIUIbVmaqR7NDF9KpOQVWpp5QKYd','2026-07-13 03:03:08','2026-07-13 03:03:08',NULL),(3,'Vian','vian','$2y$12$snJl75hHURqIEeeo6hkvm.tib0.UjwTQuDSFBqbnCon6WWUJLMe9C','admin',1,NULL,'2026-07-13 06:59:48','2026-07-14 06:17:55','2026-07-14 06:17:55'),(4,'Joko','Joko','$2y$12$n.jXz6gbuEbGUo0ZkltIVONBOji5aG714wI07dibdBoAA7uCbyNVG','admin',1,NULL,'2026-07-14 04:25:43','2026-07-14 06:16:42','2026-07-14 06:16:42'),(5,'Pengurus Lab a','UserA','$2y$12$GiPG6uUiWePcZTguGUWnNeT/SqLdeLsiu7qbwn7VUxha32SBe204y','sekretaris',1,NULL,'2026-07-14 06:16:06','2026-07-14 06:16:06',NULL),(6,'Pengurus Lab B','userB','$2y$12$6wSpeYpi8MwyqJZyBnE39.9.g7v0tbPeldx4GZaDuok9ojAhk0DYK','sekretaris',1,'hUNWhHrHt63WLmeJ4kx8PjOT2GG3lxnKGxuA37aYMrQexjpw3e2A5dSJQvtW','2026-07-14 06:16:38','2026-07-14 06:16:38',NULL),(7,'management','manager','$2y$12$yI2Jfy1tKenIztJuIUec9utvplgu6LXV/nYMkvf0WH1E7J8pLDOxe','admin',1,NULL,'2026-07-14 06:18:31','2026-07-24 03:14:54',NULL),(8,'Demoadmin','demoadmin','$2y$12$f7XDx40oMcShIRk53ak6mOJkc3vUOoHrr80TblQ49sl40jtjZP4Ey','admin',1,NULL,'2026-07-24 03:15:15','2026-07-24 03:17:05',NULL),(9,'Demosekretaris','demosekretaris','$2y$12$G6XxyExfecspw0LTU9o5TeM2VZjBammpB3xAykrypt8X8jxOh9Aaa','sekretaris',1,NULL,'2026-07-24 03:15:34','2026-07-24 03:16:57',NULL);
/*!40000 ALTER TABLE `users` ENABLE KEYS */;
UNLOCK TABLES;
/*!40103 SET TIME_ZONE=@OLD_TIME_ZONE */;

/*!40101 SET SQL_MODE=@OLD_SQL_MODE */;
/*!40014 SET FOREIGN_KEY_CHECKS=@OLD_FOREIGN_KEY_CHECKS */;
/*!40014 SET UNIQUE_CHECKS=@OLD_UNIQUE_CHECKS */;
/*!40101 SET CHARACTER_SET_CLIENT=@OLD_CHARACTER_SET_CLIENT */;
/*!40101 SET CHARACTER_SET_RESULTS=@OLD_CHARACTER_SET_RESULTS */;
/*!40101 SET COLLATION_CONNECTION=@OLD_COLLATION_CONNECTION */;
/*!40111 SET SQL_NOTES=@OLD_SQL_NOTES */;

-- Dump completed on 2026-07-24 20:45:48
